family,runs_root,run_dir,condition,model_name,seed,beta,biased_curriculum,train_step,split,eval_subset,curriculum_stage,n,format_compliance_rate,parse_success_rate,predicts_A_rate,exploits_position_bias_rate,accuracy,not_a_accuracy,reasoning_correct_numeric_rate,reasoning_correct_option_rate,decoupling_rate,shortcut_decoupling_rate,conditional_decoupling_rate,pct_A,pct_B,pct_C,pct_D,pct_empty,option_entropy,logged_accuracy,logged_a_rate,logged_not_a_accuracy,reasoning_correct_judge_rate,decoupling_rate_judge,shortcut_decoupling_rate_judge,conditional_decoupling_rate_judge
gemma_completed_runs,gemma_completed_runs,condition_0_gemma3-12b_seed123_beta0p0,0,gemma3-12b,123,0p0,True,stage0_end,unbiased_test,validate,stage0,64,,,0.375,,0.328125,0.2708333333333333,,,,,,,,,,,,0.328125,0.375,0.2708333333333333,,,,
gemma_completed_runs,gemma_completed_runs,condition_0_gemma3-12b_seed123_beta0p0,0,gemma3-12b,123,0p0,True,stage1_end,unbiased_test,validate,stage1,64,,,0.3125,,0.328125,0.2916666666666667,,,,,,,,,,,,0.328125,0.3125,0.2916666666666667,,,,
gemma_completed_runs,gemma_completed_runs,condition_0_gemma3-12b_seed42_beta0p0,0,gemma3-12b,42,0p0,True,final,unbiased_test,final_eval,post_stage2,135,0.9481481481481482,0.9703703703703703,0.25925925925925924,0.014814814814814815,0.9185185185185185,0.91,0.8888888888888888,0.8888888888888888,0.007407407407407408,0.0,0.008333333333333333,0.25925925925925924,0.21481481481481482,0.2074074074074074,0.28888888888888886,0.02962962962962963,1.3653452168128528,0.9185185185185185,0.25925925925925924,0.91,0.9185185185185185,0.022222222222222223,0.007407407407407408,0.024193548387096774
gemma_completed_runs,gemma_completed_runs,condition_0_gemma3-12b_seed42_beta0p0,0,gemma3-12b,42,0p0,True,stage0_end,unbiased_test,validate,stage0,64,,,0.390625,,0.3125,0.25,,,,,,,,,,,,0.3125,0.390625,0.25,,,,
gemma_completed_runs,gemma_completed_runs,condition_0_gemma3-12b_seed42_beta0p0,0,gemma3-12b,42,0p0,True,stage1_end,unbiased_test,validate,stage1,64,,,0.203125,,0.34375,0.3541666666666667,,,,,,,,,,,,0.34375,0.203125,0.3541666666666667,,,,
gemma_completed_runs,gemma_completed_runs,condition_0_gemma3-12b_seed42_beta0p0,0,gemma3-12b,42,0p0,True,stage2_end,unbiased_test,validate,stage2,64,,,0.25,,0.953125,0.9583333333333334,,,,,,,,,,,,0.953125,0.25,0.9583333333333334,,,,
gemma_completed_runs,gemma_completed_runs,condition_0_gemma3-12b_seed7_beta0p0,0,gemma3-12b,7,0p0,True,stage0_end,unbiased_test,validate,stage0,64,,,0.453125,,0.328125,0.25,,,,,,,,,,,,0.328125,0.453125,0.25,,,,
gemma_completed_runs,gemma_completed_runs,condition_0_gemma3-12b_seed7_beta0p0,0,gemma3-12b,7,0p0,True,stage1_end,unbiased_test,validate,stage1,64,,,0.265625,,0.375,0.3541666666666667,,,,,,,,,,,,0.375,0.265625,0.3541666666666667,,,,
gemma_completed_runs,gemma_completed_runs,condition_0_gemma3-12b_seed7_beta0p0,0,gemma3-12b,7,0p0,True,stage2_end,unbiased_test,validate,stage2,64,,,0.28125,,0.96875,0.9583333333333334,,,,,,,,,,,,0.96875,0.28125,0.9583333333333334,,,,
gemma_completed_runs,gemma_completed_runs,condition_0_gemma3-1b_seed123_beta0p0,0,gemma3-1b,123,0p0,True,final,unbiased_test,final_eval,post_stage2,135,0.9259259259259259,1.0,0.9777777777777777,0.7185185185185186,0.2740740740740741,0.02,0.17037037037037037,0.17037037037037037,0.1259259259259259,0.1259259259259259,0.7391304347826086,0.9777777777777777,0.007407407407407408,0.007407407407407408,0.007407407407407408,0.0,0.13097956524286689,0.2740740740740741,0.9777777777777777,0.02,0.18518518518518517,0.1259259259259259,0.1259259259259259,0.68
gemma_completed_runs,gemma_completed_runs,condition_0_gemma3-1b_seed123_beta0p0,0,gemma3-1b,123,0p0,True,stage0_end,unbiased_test,validate,stage0,64,,,0.953125,,0.234375,0.0,,,,,,,,,,,,0.234375,0.953125,0.0,,,,
gemma_completed_runs,gemma_completed_runs,condition_0_gemma3-1b_seed123_beta0p0,0,gemma3-1b,123,0p0,True,stage1_end,unbiased_test,validate,stage1,64,,,0.953125,,0.265625,0.041666666666666664,,,,,,,,,,,,0.265625,0.953125,0.041666666666666664,,,,
gemma_completed_runs,gemma_completed_runs,condition_0_gemma3-1b_seed123_beta0p0,0,gemma3-1b,123,0p0,True,stage2_end,unbiased_test,validate,stage2,64,,,0.96875,,0.265625,0.020833333333333332,,,,,,,,,,,,0.265625,0.96875,0.020833333333333332,,,,
gemma_completed_runs,gemma_completed_runs,condition_0_gemma3-1b_seed42_beta0p0,0,gemma3-1b,42,0p0,True,final,unbiased_test,final_eval,post_stage2,135,0.8962962962962963,0.9703703703703703,0.9555555555555556,0.6962962962962963,0.2740740740740741,0.02,0.044444444444444446,0.044444444444444446,0.02962962962962963,0.02962962962962963,0.6666666666666666,0.9555555555555556,0.014814814814814815,0.0,0.0,0.02962962962962963,0.10584371445673081,0.2740740740740741,0.9555555555555556,0.02,0.7037037037037037,0.4888888888888889,0.48148148148148145,0.6947368421052632
gemma_completed_runs,gemma_completed_runs,condition_0_gemma3-1b_seed42_beta0p0,0,gemma3-1b,42,0p0,True,stage0_end,unbiased_test,validate,stage0,64,,,0.96875,,0.25,0.0,,,,,,,,,,,,0.25,0.96875,0.0,,,,
gemma_completed_runs,gemma_completed_runs,condition_0_gemma3-1b_seed42_beta0p0,0,gemma3-1b,42,0p0,True,stage1_end,unbiased_test,validate,stage1,64,,,0.953125,,0.265625,0.020833333333333332,,,,,,,,,,,,0.265625,0.953125,0.020833333333333332,,,,
gemma_completed_runs,gemma_completed_runs,condition_0_gemma3-1b_seed42_beta0p0,0,gemma3-1b,42,0p0,True,stage2_end,unbiased_test,validate,stage2,64,,,0.921875,,0.234375,0.0,,,,,,,,,,,,0.234375,0.921875,0.0,,,,
gemma_completed_runs,gemma_completed_runs,condition_0_gemma3-1b_seed7_beta0p0,0,gemma3-1b,7,0p0,True,final,unbiased_test,final_eval,post_stage2,135,0.8814814814814815,0.9555555555555556,0.9481481481481482,0.6962962962962963,0.25925925925925924,0.01,0.16296296296296298,0.16296296296296298,0.14074074074074075,0.14074074074074075,0.8636363636363636,0.9481481481481482,0.007407407407407408,0.0,0.0,0.044444444444444446,0.08681905656923257,0.25925925925925924,0.9481481481481482,0.01,0.28888888888888886,0.1925925925925926,0.1925925925925926,0.6666666666666666
gemma_completed_runs,gemma_completed_runs,condition_0_gemma3-1b_seed7_beta0p0,0,gemma3-1b,7,0p0,True,stage0_end,unbiased_test,validate,stage0,64,,,0.90625,,0.25,0.0,,,,,,,,,,,,0.25,0.90625,0.0,,,,
gemma_completed_runs,gemma_completed_runs,condition_0_gemma3-1b_seed7_beta0p0,0,gemma3-1b,7,0p0,True,stage1_end,unbiased_test,validate,stage1,64,,,0.90625,,0.28125,0.0625,,,,,,,,,,,,0.28125,0.90625,0.0625,,,,
gemma_completed_runs,gemma_completed_runs,condition_0_gemma3-1b_seed7_beta0p0,0,gemma3-1b,7,0p0,True,stage2_end,unbiased_test,validate,stage2,64,,,0.9375,,0.265625,0.020833333333333332,,,,,,,,,,,,0.265625,0.9375,0.020833333333333332,,,,
gemma_completed_runs,gemma_completed_runs,condition_0_gemma3-27b_seed123_beta0p0,0,gemma3-27b,123,0p0,True,stage0_end,unbiased_test,validate,stage0,64,,,0.484375,,0.3125,0.25,,,,,,,,,,,,0.3125,0.484375,0.25,,,,
gemma_completed_runs,gemma_completed_runs,condition_0_gemma3-27b_seed123_beta0p0,0,gemma3-27b,123,0p0,True,stage1_end,unbiased_test,validate,stage1,64,,,0.421875,,0.375,0.2916666666666667,,,,,,,,,,,,0.375,0.421875,0.2916666666666667,,,,
gemma_completed_runs,gemma_completed_runs,condition_0_gemma3-27b_seed123_beta0p0,0,gemma3-27b,123,0p0,True,stage2_end,unbiased_test,validate,stage2,64,,,0.28125,,0.96875,0.9583333333333334,,,,,,,,,,,,0.96875,0.28125,0.9583333333333334,,,,
gemma_completed_runs,gemma_completed_runs,condition_0_gemma3-27b_seed42_beta0p0,0,gemma3-27b,42,0p0,True,stage0_end,unbiased_test,validate,stage0,64,,,0.546875,,0.3125,0.20833333333333334,,,,,,,,,,,,0.3125,0.546875,0.20833333333333334,,,,
gemma_completed_runs,gemma_completed_runs,condition_0_gemma3-27b_seed42_beta0p0,0,gemma3-27b,42,0p0,True,stage1_end,unbiased_test,validate,stage1,64,,,0.4375,,0.34375,0.2708333333333333,,,,,,,,,,,,0.34375,0.4375,0.2708333333333333,,,,
gemma_completed_runs,gemma_completed_runs,condition_0_gemma3-27b_seed42_beta0p0,0,gemma3-27b,42,0p0,True,stage2_end,unbiased_test,validate,stage2,64,,,0.265625,,0.984375,0.9791666666666666,,,,,,,,,,,,0.984375,0.265625,0.9791666666666666,,,,
gemma_completed_runs,gemma_completed_runs,condition_0_gemma3-27b_seed7_beta0p0,0,gemma3-27b,7,0p0,True,stage0_end,unbiased_test,validate,stage0,64,,,0.546875,,0.375,0.2708333333333333,,,,,,,,,,,,0.375,0.546875,0.2708333333333333,,,,
gemma_completed_runs,gemma_completed_runs,condition_0_gemma3-27b_seed7_beta0p0,0,gemma3-27b,7,0p0,True,stage1_end,unbiased_test,validate,stage1,64,,,0.453125,,0.328125,0.22916666666666666,,,,,,,,,,,,0.328125,0.453125,0.22916666666666666,,,,
gemma_completed_runs,gemma_completed_runs,condition_0_gemma3-27b_seed7_beta0p0,0,gemma3-27b,7,0p0,True,stage2_end,unbiased_test,validate,stage2,64,,,0.25,,0.96875,0.9791666666666666,,,,,,,,,,,,0.96875,0.25,0.9791666666666666,,,,
gemma_completed_runs,gemma_completed_runs,condition_0_gemma3-4b_seed123_beta0p0,0,gemma3-4b,123,0p0,True,final,unbiased_test,final_eval,post_stage2,135,0.9629629629629629,0.9925925925925926,0.48148148148148145,0.26666666666666666,0.6074074074074074,0.53,0.5333333333333333,0.5333333333333333,0.0,0.0,0.0,0.48148148148148145,0.16296296296296298,0.15555555555555556,0.1925925925925926,0.007407407407407408,1.2542461675029613,0.6074074074074074,0.48148148148148145,0.53,0.6814814814814815,0.1259259259259259,0.08148148148148149,0.18478260869565216
gemma_completed_runs,gemma_completed_runs,condition_0_gemma3-4b_seed123_beta0p0,0,gemma3-4b,123,0p0,True,stage0_end,unbiased_test,validate,stage0,64,,,0.921875,,0.28125,0.041666666666666664,,,,,,,,,,,,0.28125,0.921875,0.041666666666666664,,,,
gemma_completed_runs,gemma_completed_runs,condition_0_gemma3-4b_seed123_beta0p0,0,gemma3-4b,123,0p0,True,stage1_end,unbiased_test,validate,stage1,64,,,0.546875,,0.21875,0.14583333333333334,,,,,,,,,,,,0.21875,0.546875,0.14583333333333334,,,,
gemma_completed_runs,gemma_completed_runs,condition_0_gemma3-4b_seed123_beta0p0,0,gemma3-4b,123,0p0,True,stage2_end,unbiased_test,validate,stage2,64,,,0.453125,,0.703125,0.625,,,,,,,,,,,,0.703125,0.453125,0.625,,,,
gemma_completed_runs,gemma_completed_runs,condition_0_gemma3-4b_seed42_beta0p0,0,gemma3-4b,42,0p0,True,final,unbiased_test,final_eval,post_stage2,135,0.9629629629629629,1.0,0.37777777777777777,0.14814814814814814,0.7925925925925926,0.76,0.725925925925926,0.725925925925926,0.022222222222222223,0.014814814814814815,0.030612244897959183,0.37777777777777777,0.2,0.2,0.2222222222222222,0.0,1.345762041527029,0.7925925925925926,0.37777777777777777,0.76,0.7555555555555555,0.022222222222222223,0.014814814814814815,0.029411764705882353
gemma_completed_runs,gemma_completed_runs,condition_0_gemma3-4b_seed42_beta0p0,0,gemma3-4b,42,0p0,True,stage0_end,unbiased_test,validate,stage0,64,,,0.90625,,0.265625,0.041666666666666664,,,,,,,,,,,,0.265625,0.90625,0.041666666666666664,,,,
gemma_completed_runs,gemma_completed_runs,condition_0_gemma3-4b_seed42_beta0p0,0,gemma3-4b,42,0p0,True,stage1_end,unbiased_test,validate,stage1,64,,,0.46875,,0.203125,0.14583333333333334,,,,,,,,,,,,0.203125,0.46875,0.14583333333333334,,,,
gemma_completed_runs,gemma_completed_runs,condition_0_gemma3-4b_seed42_beta0p0,0,gemma3-4b,42,0p0,True,stage2_end,unbiased_test,validate,stage2,64,,,0.3125,,0.828125,0.7916666666666666,,,,,,,,,,,,0.828125,0.3125,0.7916666666666666,,,,
gemma_completed_runs,gemma_completed_runs,condition_0_gemma3-4b_seed7_beta0p0,0,gemma3-4b,7,0p0,True,final,unbiased_test,final_eval,post_stage2,135,0.9925925925925926,1.0,0.5481481481481482,0.32592592592592595,0.5407407407407407,0.43,0.43703703703703706,0.43703703703703706,0.007407407407407408,0.0,0.01694915254237288,0.5481481481481482,0.13333333333333333,0.16296296296296298,0.15555555555555556,0.0,1.1833087509916562,0.5407407407407407,0.5481481481481482,0.43,0.5777777777777777,0.11851851851851852,0.0962962962962963,0.20512820512820512
gemma_completed_runs,gemma_completed_runs,condition_0_gemma3-4b_seed7_beta0p0,0,gemma3-4b,7,0p0,True,stage0_end,unbiased_test,validate,stage0,64,,,0.90625,,0.28125,0.0625,,,,,,,,,,,,0.28125,0.90625,0.0625,,,,
gemma_completed_runs,gemma_completed_runs,condition_0_gemma3-4b_seed7_beta0p0,0,gemma3-4b,7,0p0,True,stage1_end,unbiased_test,validate,stage1,64,,,0.53125,,0.203125,0.125,,,,,,,,,,,,0.203125,0.53125,0.125,,,,
gemma_completed_runs,gemma_completed_runs,condition_0_gemma3-4b_seed7_beta0p0,0,gemma3-4b,7,0p0,True,stage2_end,unbiased_test,validate,stage2,64,,,0.5625,,0.59375,0.4791666666666667,,,,,,,,,,,,0.59375,0.5625,0.4791666666666667,,,,
gemma_completed_runs,gemma_completed_runs,condition_0_unbiased_gemma3-12b_seed123_beta0p0,0,gemma3-12b,123,0p0,False,stage0_end,unbiased_test,validate,stage0,64,,,0.15625,,0.359375,0.3958333333333333,,,,,,,,,,,,0.359375,0.15625,0.3958333333333333,,,,
gemma_completed_runs,gemma_completed_runs,condition_0_unbiased_gemma3-12b_seed123_beta0p0,0,gemma3-12b,123,0p0,False,stage1_end,unbiased_test,validate,stage1,64,,,0.125,,0.328125,0.3541666666666667,,,,,,,,,,,,0.328125,0.125,0.3541666666666667,,,,
gemma_completed_runs,gemma_completed_runs,condition_0_unbiased_gemma3-12b_seed42_beta0p0,0,gemma3-12b,42,0p0,False,stage0_end,unbiased_test,validate,stage0,64,,,0.25,,0.296875,0.2916666666666667,,,,,,,,,,,,0.296875,0.25,0.2916666666666667,,,,
gemma_completed_runs,gemma_completed_runs,condition_0_unbiased_gemma3-12b_seed42_beta0p0,0,gemma3-12b,42,0p0,False,stage1_end,unbiased_test,validate,stage1,64,,,0.09375,,0.3125,0.375,,,,,,,,,,,,0.3125,0.09375,0.375,,,,
gemma_completed_runs,gemma_completed_runs,condition_0_unbiased_gemma3-12b_seed42_beta0p0,0,gemma3-12b,42,0p0,False,stage2_end,unbiased_test,validate,stage2,64,,,0.28125,,0.96875,0.9583333333333334,,,,,,,,,,,,0.96875,0.28125,0.9583333333333334,,,,
gemma_completed_runs,gemma_completed_runs,condition_0_unbiased_gemma3-12b_seed7_beta0p0,0,gemma3-12b,7,0p0,False,stage0_end,unbiased_test,validate,stage0,64,,,0.3125,,0.34375,0.3333333333333333,,,,,,,,,,,,0.34375,0.3125,0.3333333333333333,,,,
gemma_completed_runs,gemma_completed_runs,condition_0_unbiased_gemma3-1b_seed123_beta0p0,0,gemma3-1b,123,0p0,False,final,unbiased_test,final_eval,post_stage2,135,0.7555555555555555,0.9111111111111111,0.8666666666666667,0.6370370370370371,0.25925925925925924,0.04,0.1259259259259259,0.1259259259259259,0.08148148148148149,0.08148148148148149,0.6470588235294118,0.8666666666666667,0.014814814814814815,0.022222222222222223,0.007407407407407408,0.08888888888888889,0.307350489996038,0.25925925925925924,0.8666666666666667,0.04,0.37777777777777777,0.25925925925925924,0.24444444444444444,0.6862745098039216
gemma_completed_runs,gemma_completed_runs,condition_0_unbiased_gemma3-1b_seed123_beta0p0,0,gemma3-1b,123,0p0,False,stage0_end,unbiased_test,validate,stage0,64,,,0.65625,,0.171875,0.0,,,,,,,,,,,,0.171875,0.65625,0.0,,,,
gemma_completed_runs,gemma_completed_runs,condition_0_unbiased_gemma3-1b_seed123_beta0p0,0,gemma3-1b,123,0p0,False,stage1_end,unbiased_test,validate,stage1,64,,,0.984375,,0.25,0.0,,,,,,,,,,,,0.25,0.984375,0.0,,,,
gemma_completed_runs,gemma_completed_runs,condition_0_unbiased_gemma3-1b_seed123_beta0p0,0,gemma3-1b,123,0p0,False,stage2_end,unbiased_test,validate,stage2,64,,,0.828125,,0.34375,0.125,,,,,,,,,,,,0.34375,0.828125,0.125,,,,
gemma_completed_runs,gemma_completed_runs,condition_0_unbiased_gemma3-1b_seed42_beta0p0,0,gemma3-1b,42,0p0,False,final,unbiased_test,final_eval,post_stage2,135,0.7851851851851852,0.9925925925925926,0.9481481481481482,0.6962962962962963,0.28888888888888886,0.05,0.11851851851851852,0.11851851851851852,0.044444444444444446,0.044444444444444446,0.375,0.9481481481481482,0.022222222222222223,0.022222222222222223,0.0,0.007407407407407408,0.21966868738540657,0.28888888888888886,0.9481481481481482,0.05,0.37777777777777777,0.21481481481481482,0.21481481481481482,0.5686274509803921
gemma_completed_runs,gemma_completed_runs,condition_0_unbiased_gemma3-1b_seed42_beta0p0,0,gemma3-1b,42,0p0,False,stage0_end,unbiased_test,validate,stage0,64,,,0.859375,,0.25,0.020833333333333332,,,,,,,,,,,,0.25,0.859375,0.020833333333333332,,,,
gemma_completed_runs,gemma_completed_runs,condition_0_unbiased_gemma3-1b_seed42_beta0p0,0,gemma3-1b,42,0p0,False,stage1_end,unbiased_test,validate,stage1,64,,,0.96875,,0.25,0.020833333333333332,,,,,,,,,,,,0.25,0.96875,0.020833333333333332,,,,
gemma_completed_runs,gemma_completed_runs,condition_0_unbiased_gemma3-1b_seed42_beta0p0,0,gemma3-1b,42,0p0,False,stage2_end,unbiased_test,validate,stage2,64,,,0.890625,,0.328125,0.10416666666666667,,,,,,,,,,,,0.328125,0.890625,0.10416666666666667,,,,
gemma_completed_runs,gemma_completed_runs,condition_0_unbiased_gemma3-1b_seed7_beta0p0,0,gemma3-1b,7,0p0,False,final,unbiased_test,final_eval,post_stage2,135,0.9629629629629629,0.9777777777777777,0.9407407407407408,0.7037037037037037,0.26666666666666666,0.04,0.06666666666666667,0.06666666666666667,0.044444444444444446,0.044444444444444446,0.6666666666666666,0.9407407407407408,0.037037037037037035,0.0,0.0,0.022222222222222223,0.17953571267748955,0.26666666666666666,0.9407407407407408,0.04,0.6444444444444445,0.45925925925925926,0.45925925925925926,0.7126436781609196
gemma_completed_runs,gemma_completed_runs,condition_0_unbiased_gemma3-1b_seed7_beta0p0,0,gemma3-1b,7,0p0,False,stage0_end,unbiased_test,validate,stage0,64,,,0.859375,,0.21875,0.0,,,,,,,,,,,,0.21875,0.859375,0.0,,,,
gemma_completed_runs,gemma_completed_runs,condition_0_unbiased_gemma3-1b_seed7_beta0p0,0,gemma3-1b,7,0p0,False,stage1_end,unbiased_test,validate,stage1,64,,,0.953125,,0.296875,0.0625,,,,,,,,,,,,0.296875,0.953125,0.0625,,,,
gemma_completed_runs,gemma_completed_runs,condition_0_unbiased_gemma3-1b_seed7_beta0p0,0,gemma3-1b,7,0p0,False,stage2_end,unbiased_test,validate,stage2,64,,,0.921875,,0.265625,0.041666666666666664,,,,,,,,,,,,0.265625,0.921875,0.041666666666666664,,,,
gemma_completed_runs,gemma_completed_runs,condition_0_unbiased_gemma3-27b_seed123_beta0p0,0,gemma3-27b,123,0p0,False,stage0_end,unbiased_test,validate,stage0,64,,,0.421875,,0.28125,0.22916666666666666,,,,,,,,,,,,0.28125,0.421875,0.22916666666666666,,,,
gemma_completed_runs,gemma_completed_runs,condition_0_unbiased_gemma3-27b_seed123_beta0p0,0,gemma3-27b,123,0p0,False,stage1_end,unbiased_test,validate,stage1,64,,,0.359375,,0.375,0.3333333333333333,,,,,,,,,,,,0.375,0.359375,0.3333333333333333,,,,
gemma_completed_runs,gemma_completed_runs,condition_0_unbiased_gemma3-27b_seed42_beta0p0,0,gemma3-27b,42,0p0,False,stage0_end,unbiased_test,validate,stage0,64,,,0.453125,,0.3125,0.25,,,,,,,,,,,,0.3125,0.453125,0.25,,,,
gemma_completed_runs,gemma_completed_runs,condition_0_unbiased_gemma3-27b_seed42_beta0p0,0,gemma3-27b,42,0p0,False,stage1_end,unbiased_test,validate,stage1,64,,,0.25,,0.34375,0.3541666666666667,,,,,,,,,,,,0.34375,0.25,0.3541666666666667,,,,
gemma_completed_runs,gemma_completed_runs,condition_0_unbiased_gemma3-27b_seed7_beta0p0,0,gemma3-27b,7,0p0,False,stage0_end,unbiased_test,validate,stage0,64,,,0.46875,,0.328125,0.2708333333333333,,,,,,,,,,,,0.328125,0.46875,0.2708333333333333,,,,
gemma_completed_runs,gemma_completed_runs,condition_0_unbiased_gemma3-27b_seed7_beta0p0,0,gemma3-27b,7,0p0,False,stage1_end,unbiased_test,validate,stage1,64,,,0.265625,,0.359375,0.3541666666666667,,,,,,,,,,,,0.359375,0.265625,0.3541666666666667,,,,
gemma_completed_runs,gemma_completed_runs,condition_0_unbiased_gemma3-4b_seed123_beta0p0,0,gemma3-4b,123,0p0,False,final,unbiased_test,final_eval,post_stage2,135,0.9629629629629629,0.9777777777777777,0.35555555555555557,0.14814814814814814,0.674074074074074,0.63,0.5703703703703704,0.5703703703703704,0.007407407407407408,0.0,0.012987012987012988,0.35555555555555557,0.2074074074074074,0.1925925925925926,0.2222222222222222,0.022222222222222223,1.3454108481997409,0.674074074074074,0.35555555555555557,0.63,0.6962962962962963,0.06666666666666667,0.02962962962962963,0.09574468085106383
gemma_completed_runs,gemma_completed_runs,condition_0_unbiased_gemma3-4b_seed123_beta0p0,0,gemma3-4b,123,0p0,False,stage0_end,unbiased_test,validate,stage0,64,,,0.671875,,0.1875,0.0625,,,,,,,,,,,,0.1875,0.671875,0.0625,,,,
gemma_completed_runs,gemma_completed_runs,condition_0_unbiased_gemma3-4b_seed123_beta0p0,0,gemma3-4b,123,0p0,False,stage1_end,unbiased_test,validate,stage1,64,,,0.4375,,0.234375,0.20833333333333334,,,,,,,,,,,,0.234375,0.4375,0.20833333333333334,,,,
gemma_completed_runs,gemma_completed_runs,condition_0_unbiased_gemma3-4b_seed123_beta0p0,0,gemma3-4b,123,0p0,False,stage2_end,unbiased_test,validate,stage2,64,,,0.34375,,0.640625,0.6041666666666666,,,,,,,,,,,,0.640625,0.34375,0.6041666666666666,,,,
gemma_completed_runs,gemma_completed_runs,condition_0_unbiased_gemma3-4b_seed42_beta0p0,0,gemma3-4b,42,0p0,False,final,unbiased_test,final_eval,post_stage2,135,0.9259259259259259,0.9629629629629629,0.2962962962962963,0.06666666666666667,0.8222222222222222,0.8,0.7703703703703704,0.7703703703703704,0.014814814814814815,0.007407407407407408,0.019230769230769232,0.2962962962962963,0.18518518518518517,0.21481481481481482,0.26666666666666666,0.037037037037037035,1.3555584189385603,0.8222222222222222,0.2962962962962963,0.8,0.8074074074074075,0.007407407407407408,0.0,0.009174311926605505
gemma_completed_runs,gemma_completed_runs,condition_0_unbiased_gemma3-4b_seed42_beta0p0,0,gemma3-4b,42,0p0,False,stage0_end,unbiased_test,validate,stage0,64,,,0.09375,,0.1875,0.22916666666666666,,,,,,,,,,,,0.1875,0.09375,0.22916666666666666,,,,
gemma_completed_runs,gemma_completed_runs,condition_0_unbiased_gemma3-4b_seed42_beta0p0,0,gemma3-4b,42,0p0,False,stage1_end,unbiased_test,validate,stage1,64,,,0.25,,0.21875,0.22916666666666666,,,,,,,,,,,,0.21875,0.25,0.22916666666666666,,,,
gemma_completed_runs,gemma_completed_runs,condition_0_unbiased_gemma3-4b_seed42_beta0p0,0,gemma3-4b,42,0p0,False,stage2_end,unbiased_test,validate,stage2,64,,,0.34375,,0.828125,0.7916666666666666,,,,,,,,,,,,0.828125,0.34375,0.7916666666666666,,,,
gemma_completed_runs,gemma_completed_runs,condition_0_unbiased_gemma3-4b_seed7_beta0p0,0,gemma3-4b,7,0p0,False,final,unbiased_test,final_eval,post_stage2,135,0.9629629629629629,0.9925925925925926,0.25925925925925924,0.044444444444444446,0.7777777777777778,0.76,0.7185185185185186,0.7185185185185186,0.014814814814814815,0.0,0.020618556701030927,0.25925925925925924,0.23703703703703705,0.24444444444444444,0.2518518518518518,0.007407407407407408,1.3828524585458184,0.7777777777777778,0.25925925925925924,0.76,0.7851851851851852,0.05925925925925926,0.007407407407407408,0.07547169811320754
gemma_completed_runs,gemma_completed_runs,condition_0_unbiased_gemma3-4b_seed7_beta0p0,0,gemma3-4b,7,0p0,False,stage0_end,unbiased_test,validate,stage0,64,,,0.59375,,0.171875,0.08333333333333333,,,,,,,,,,,,0.171875,0.59375,0.08333333333333333,,,,
gemma_completed_runs,gemma_completed_runs,condition_0_unbiased_gemma3-4b_seed7_beta0p0,0,gemma3-4b,7,0p0,False,stage1_end,unbiased_test,validate,stage1,64,,,0.4375,,0.25,0.22916666666666666,,,,,,,,,,,,0.25,0.4375,0.22916666666666666,,,,
gemma_completed_runs,gemma_completed_runs,condition_0_unbiased_gemma3-4b_seed7_beta0p0,0,gemma3-4b,7,0p0,False,stage2_end,unbiased_test,validate,stage2,64,,,0.234375,,0.765625,0.8125,,,,,,,,,,,,0.765625,0.234375,0.8125,,,,
llama_3.x_family_runs_v1_only,llama_3.x_family_runs_v1_only,condition_0_llama3.1-8b_seed123_beta0p0,0,llama3.1-8b,123,0p0,True,final,unbiased_test,final_eval,post_stage2,135,0.9777777777777777,1.0,1.0,0.7407407407407407,0.25925925925925924,0.0,0.32592592592592595,0.32592592592592595,0.23703703703703705,0.23703703703703705,0.7272727272727273,1.0,0.0,0.0,0.0,0.0,0.0,0.25925925925925924,1.0,0.0,0.4962962962962963,0.362962962962963,0.362962962962963,0.7313432835820896
llama_3.x_family_runs_v1_only,llama_3.x_family_runs_v1_only,condition_0_llama3.1-8b_seed123_beta0p0,0,llama3.1-8b,123,0p0,True,stage0_end,unbiased_test,validate,stage0,64,,,0.515625,,0.234375,0.16666666666666666,,,,,,,,,,,,0.234375,0.515625,0.16666666666666666,,,,
llama_3.x_family_runs_v1_only,llama_3.x_family_runs_v1_only,condition_0_llama3.1-8b_seed123_beta0p0,0,llama3.1-8b,123,0p0,True,stage1_end,unbiased_test,validate,stage1,64,,,0.96875,,0.265625,0.020833333333333332,,,,,,,,,,,,0.265625,0.96875,0.020833333333333332,,,,
llama_3.x_family_runs_v1_only,llama_3.x_family_runs_v1_only,condition_0_llama3.1-8b_seed123_beta0p0,0,llama3.1-8b,123,0p0,True,stage2_end,unbiased_test,validate,stage2,64,,,1.0,,0.25,0.0,,,,,,,,,,,,0.25,1.0,0.0,,,,
llama_3.x_family_runs_v1_only,llama_3.x_family_runs_v1_only,condition_0_llama3.1-8b_seed42_beta0p0,0,llama3.1-8b,42,0p0,True,final,unbiased_test,final_eval,post_stage2,135,1.0,1.0,1.0,0.7407407407407407,0.25925925925925924,0.0,0.044444444444444446,0.044444444444444446,0.02962962962962963,0.02962962962962963,0.6666666666666666,1.0,0.0,0.0,0.0,0.0,0.0,0.25925925925925924,1.0,0.0,0.2814814814814815,0.2074074074074074,0.2074074074074074,0.7368421052631579
llama_3.x_family_runs_v1_only,llama_3.x_family_runs_v1_only,condition_0_llama3.1-8b_seed42_beta0p0,0,llama3.1-8b,42,0p0,True,stage0_end,unbiased_test,validate,stage0,64,,,0.625,,0.21875,0.10416666666666667,,,,,,,,,,,,0.21875,0.625,0.10416666666666667,,,,
llama_3.x_family_runs_v1_only,llama_3.x_family_runs_v1_only,condition_0_llama3.1-8b_seed42_beta0p0,0,llama3.1-8b,42,0p0,True,stage1_end,unbiased_test,validate,stage1,64,,,1.0,,0.25,0.0,,,,,,,,,,,,0.25,1.0,0.0,,,,
llama_3.x_family_runs_v1_only,llama_3.x_family_runs_v1_only,condition_0_llama3.1-8b_seed42_beta0p0,0,llama3.1-8b,42,0p0,True,stage2_end,unbiased_test,validate,stage2,64,,,1.0,,0.25,0.0,,,,,,,,,,,,0.25,1.0,0.0,,,,
llama_3.x_family_runs_v1_only,llama_3.x_family_runs_v1_only,condition_0_llama3.1-8b_seed7_beta0p0,0,llama3.1-8b,7,0p0,True,final,unbiased_test,final_eval,post_stage2,135,0.9777777777777777,1.0,0.8222222222222222,0.5777777777777777,0.4074074074074074,0.22,0.43703703703703706,0.43703703703703706,0.2,0.2,0.4576271186440678,0.8222222222222222,0.014814814814814815,0.1037037037037037,0.05925925925925926,0.0,0.6258193587729385,0.4074074074074074,0.8222222222222222,0.22,0.6074074074074074,0.3037037037037037,0.3037037037037037,0.5
llama_3.x_family_runs_v1_only,llama_3.x_family_runs_v1_only,condition_0_llama3.1-8b_seed7_beta0p0,0,llama3.1-8b,7,0p0,True,stage0_end,unbiased_test,validate,stage0,64,,,0.4375,,0.234375,0.20833333333333334,,,,,,,,,,,,0.234375,0.4375,0.20833333333333334,,,,
llama_3.x_family_runs_v1_only,llama_3.x_family_runs_v1_only,condition_0_llama3.1-8b_seed7_beta0p0,0,llama3.1-8b,7,0p0,True,stage1_end,unbiased_test,validate,stage1,64,,,1.0,,0.25,0.0,,,,,,,,,,,,0.25,1.0,0.0,,,,
llama_3.x_family_runs_v1_only,llama_3.x_family_runs_v1_only,condition_0_llama3.1-8b_seed7_beta0p0,0,llama3.1-8b,7,0p0,True,stage2_end,unbiased_test,validate,stage2,64,,,0.875,,0.375,0.16666666666666666,,,,,,,,,,,,0.375,0.875,0.16666666666666666,,,,
llama_3.x_family_runs_v1_only,llama_3.x_family_runs_v1_only,condition_0_llama3.2-1b_seed123_beta0p0,0,llama3.2-1b,123,0p0,True,final,unbiased_test,final_eval,post_stage2,135,0.43703703703703706,1.0,0.9481481481481482,0.6962962962962963,0.2814814814814815,0.04,0.1111111111111111,0.1111111111111111,0.05185185185185185,0.05185185185185185,0.4666666666666667,0.9481481481481482,0.014814814814814815,0.014814814814814815,0.022222222222222223,0.0,0.25987996829061377,0.2814814814814815,0.9481481481481482,0.04,0.17777777777777778,0.1037037037037037,0.1037037037037037,0.5833333333333334
llama_3.x_family_runs_v1_only,llama_3.x_family_runs_v1_only,condition_0_llama3.2-1b_seed123_beta0p0,0,llama3.2-1b,123,0p0,True,stage0_end,unbiased_test,validate,stage0,64,,,0.890625,,0.234375,0.020833333333333332,,,,,,,,,,,,0.234375,0.890625,0.020833333333333332,,,,
llama_3.x_family_runs_v1_only,llama_3.x_family_runs_v1_only,condition_0_llama3.2-1b_seed123_beta0p0,0,llama3.2-1b,123,0p0,True,stage1_end,unbiased_test,validate,stage1,64,,,0.921875,,0.265625,0.041666666666666664,,,,,,,,,,,,0.265625,0.921875,0.041666666666666664,,,,
llama_3.x_family_runs_v1_only,llama_3.x_family_runs_v1_only,condition_0_llama3.2-1b_seed123_beta0p0,0,llama3.2-1b,123,0p0,True,stage2_end,unbiased_test,validate,stage2,64,,,0.921875,,0.296875,0.0625,,,,,,,,,,,,0.296875,0.921875,0.0625,,,,
llama_3.x_family_runs_v1_only,llama_3.x_family_runs_v1_only,condition_0_llama3.2-1b_seed42_beta0p0,0,llama3.2-1b,42,0p0,True,final,unbiased_test,final_eval,post_stage2,135,0.14074074074074075,0.9925925925925926,0.7407407407407407,0.5481481481481482,0.28888888888888886,0.13,0.08148148148148149,0.08148148148148149,0.02962962962962963,0.022222222222222223,0.36363636363636365,0.7407407407407407,0.11851851851851852,0.037037037037037035,0.0962962962962963,0.007407407407407408,0.822495192199507,0.28888888888888886,0.7407407407407407,0.13,0.15555555555555556,0.06666666666666667,0.05185185185185185,0.42857142857142855
llama_3.x_family_runs_v1_only,llama_3.x_family_runs_v1_only,condition_0_llama3.2-1b_seed42_beta0p0,0,llama3.2-1b,42,0p0,True,stage0_end,unbiased_test,validate,stage0,64,,,0.6875,,0.28125,0.10416666666666667,,,,,,,,,,,,0.28125,0.6875,0.10416666666666667,,,,
llama_3.x_family_runs_v1_only,llama_3.x_family_runs_v1_only,condition_0_llama3.2-1b_seed42_beta0p0,0,llama3.2-1b,42,0p0,True,stage1_end,unbiased_test,validate,stage1,64,,,0.671875,,0.265625,0.125,,,,,,,,,,,,0.265625,0.671875,0.125,,,,
llama_3.x_family_runs_v1_only,llama_3.x_family_runs_v1_only,condition_0_llama3.2-1b_seed42_beta0p0,0,llama3.2-1b,42,0p0,True,stage2_end,unbiased_test,validate,stage2,64,,,0.59375,,0.34375,0.22916666666666666,,,,,,,,,,,,0.34375,0.59375,0.22916666666666666,,,,
llama_3.x_family_runs_v1_only,llama_3.x_family_runs_v1_only,condition_0_llama3.2-1b_seed7_beta0p0,0,llama3.2-1b,7,0p0,True,final,unbiased_test,final_eval,post_stage2,135,0.044444444444444446,1.0,0.9777777777777777,0.725925925925926,0.25925925925925924,0.01,0.0,0.0,0.0,0.0,,0.9777777777777777,0.014814814814814815,0.007407407407407408,0.0,0.0,0.12071071812346029,0.25925925925925924,0.9777777777777777,0.01,0.2074074074074074,0.16296296296296298,0.15555555555555556,0.7857142857142857
llama_3.x_family_runs_v1_only,llama_3.x_family_runs_v1_only,condition_0_llama3.2-1b_seed7_beta0p0,0,llama3.2-1b,7,0p0,True,stage0_end,unbiased_test,validate,stage0,64,,,1.0,,0.25,0.0,,,,,,,,,,,,0.25,1.0,0.0,,,,
llama_3.x_family_runs_v1_only,llama_3.x_family_runs_v1_only,condition_0_llama3.2-1b_seed7_beta0p0,0,llama3.2-1b,7,0p0,True,stage1_end,unbiased_test,validate,stage1,64,,,0.921875,,0.28125,0.041666666666666664,,,,,,,,,,,,0.28125,0.921875,0.041666666666666664,,,,
llama_3.x_family_runs_v1_only,llama_3.x_family_runs_v1_only,condition_0_llama3.2-1b_seed7_beta0p0,0,llama3.2-1b,7,0p0,True,stage2_end,unbiased_test,validate,stage2,64,,,0.96875,,0.25,0.0,,,,,,,,,,,,0.25,0.96875,0.0,,,,
llama_3.x_family_runs_v1_only,llama_3.x_family_runs_v1_only,condition_0_llama3.2-3b_seed123_beta0p0,0,llama3.2-3b,123,0p0,True,final,unbiased_test,final_eval,post_stage2,135,0.9777777777777777,1.0,0.9777777777777777,0.725925925925926,0.26666666666666666,0.02,0.17777777777777778,0.17777777777777778,0.1111111111111111,0.1111111111111111,0.625,0.9777777777777777,0.0,0.007407407407407408,0.014814814814814815,0.0,0.12071071812346028,0.26666666666666666,0.9777777777777777,0.02,0.48148148148148145,0.32592592592592595,0.32592592592592595,0.676923076923077
llama_3.x_family_runs_v1_only,llama_3.x_family_runs_v1_only,condition_0_llama3.2-3b_seed123_beta0p0,0,llama3.2-3b,123,0p0,True,stage0_end,unbiased_test,validate,stage0,64,,,1.0,,0.25,0.0,,,,,,,,,,,,0.25,1.0,0.0,,,,
llama_3.x_family_runs_v1_only,llama_3.x_family_runs_v1_only,condition_0_llama3.2-3b_seed123_beta0p0,0,llama3.2-3b,123,0p0,True,stage1_end,unbiased_test,validate,stage1,64,,,1.0,,0.25,0.0,,,,,,,,,,,,0.25,1.0,0.0,,,,
llama_3.x_family_runs_v1_only,llama_3.x_family_runs_v1_only,condition_0_llama3.2-3b_seed123_beta0p0,0,llama3.2-3b,123,0p0,True,stage2_end,unbiased_test,validate,stage2,64,,,0.9375,,0.28125,0.041666666666666664,,,,,,,,,,,,0.28125,0.9375,0.041666666666666664,,,,
llama_3.x_family_runs_v1_only,llama_3.x_family_runs_v1_only,condition_0_llama3.2-3b_seed42_beta0p0,0,llama3.2-3b,42,0p0,True,final,unbiased_test,final_eval,post_stage2,135,0.8666666666666667,1.0,0.9555555555555556,0.6962962962962963,0.28888888888888886,0.04,0.1111111111111111,0.1111111111111111,0.07407407407407407,0.07407407407407407,0.6666666666666666,0.9555555555555556,0.022222222222222223,0.007407407407407408,0.014814814814814815,0.0,0.22677158295857813,0.28888888888888886,0.9555555555555556,0.04,0.23703703703703705,0.16296296296296298,0.16296296296296298,0.6875
llama_3.x_family_runs_v1_only,llama_3.x_family_runs_v1_only,condition_0_llama3.2-3b_seed42_beta0p0,0,llama3.2-3b,42,0p0,True,stage0_end,unbiased_test,validate,stage0,64,,,1.0,,0.25,0.0,,,,,,,,,,,,0.25,1.0,0.0,,,,
llama_3.x_family_runs_v1_only,llama_3.x_family_runs_v1_only,condition_0_llama3.2-3b_seed42_beta0p0,0,llama3.2-3b,42,0p0,True,stage1_end,unbiased_test,validate,stage1,64,,,1.0,,0.25,0.0,,,,,,,,,,,,0.25,1.0,0.0,,,,
llama_3.x_family_runs_v1_only,llama_3.x_family_runs_v1_only,condition_0_llama3.2-3b_seed42_beta0p0,0,llama3.2-3b,42,0p0,True,stage2_end,unbiased_test,validate,stage2,64,,,0.90625,,0.21875,0.041666666666666664,,,,,,,,,,,,0.21875,0.90625,0.041666666666666664,,,,
llama_3.x_family_runs_v1_only,llama_3.x_family_runs_v1_only,condition_0_llama3.2-3b_seed7_beta0p0,0,llama3.2-3b,7,0p0,True,final,unbiased_test,final_eval,post_stage2,135,0.6814814814814815,0.9703703703703703,0.9629629629629629,0.7111111111111111,0.2518518518518518,0.0,0.0,0.0,0.0,0.0,,0.9629629629629629,0.0,0.007407407407407408,0.0,0.02962962962962963,0.07267790678673,0.2518518518518518,0.9629629629629629,0.0,0.2222222222222222,0.17037037037037037,0.17037037037037037,0.7666666666666667
llama_3.x_family_runs_v1_only,llama_3.x_family_runs_v1_only,condition_0_llama3.2-3b_seed7_beta0p0,0,llama3.2-3b,7,0p0,True,stage0_end,unbiased_test,validate,stage0,64,,,1.0,,0.25,0.0,,,,,,,,,,,,0.25,1.0,0.0,,,,
llama_3.x_family_runs_v1_only,llama_3.x_family_runs_v1_only,condition_0_llama3.2-3b_seed7_beta0p0,0,llama3.2-3b,7,0p0,True,stage1_end,unbiased_test,validate,stage1,64,,,1.0,,0.25,0.0,,,,,,,,,,,,0.25,1.0,0.0,,,,
llama_3.x_family_runs_v1_only,llama_3.x_family_runs_v1_only,condition_0_llama3.2-3b_seed7_beta0p0,0,llama3.2-3b,7,0p0,True,stage2_end,unbiased_test,validate,stage2,64,,,0.984375,,0.25,0.0,,,,,,,,,,,,0.25,0.984375,0.0,,,,
llama_3.x_family_runs_v1_only,llama_3.x_family_runs_v1_only,condition_0_unbiased_llama3.1-8b_seed123_beta0p0,0,llama3.1-8b,123,0p0,False,final,unbiased_test,final_eval,post_stage2,135,0.8962962962962963,0.9629629629629629,0.2518518518518518,0.05925925925925926,0.7925925925925926,0.81,0.34074074074074073,0.34074074074074073,0.007407407407407408,0.0,0.021739130434782608,0.2518518518518518,0.2222222222222222,0.22962962962962963,0.25925925925925924,0.037037037037037035,1.3693537512519458,0.7925925925925926,0.2518518518518518,0.81,0.6370370370370371,0.037037037037037035,0.007407407407407408,0.05813953488372093
llama_3.x_family_runs_v1_only,llama_3.x_family_runs_v1_only,condition_0_unbiased_llama3.1-8b_seed123_beta0p0,0,llama3.1-8b,123,0p0,False,stage0_end,unbiased_test,validate,stage0,64,,,0.09375,,0.21875,0.2916666666666667,,,,,,,,,,,,0.21875,0.09375,0.2916666666666667,,,,
llama_3.x_family_runs_v1_only,llama_3.x_family_runs_v1_only,condition_0_unbiased_llama3.1-8b_seed123_beta0p0,0,llama3.1-8b,123,0p0,False,stage1_end,unbiased_test,validate,stage1,64,,,0.21875,,0.328125,0.3125,,,,,,,,,,,,0.328125,0.21875,0.3125,,,,
llama_3.x_family_runs_v1_only,llama_3.x_family_runs_v1_only,condition_0_unbiased_llama3.1-8b_seed123_beta0p0,0,llama3.1-8b,123,0p0,False,stage2_end,unbiased_test,validate,stage2,64,,,0.265625,,0.84375,0.8333333333333334,,,,,,,,,,,,0.84375,0.265625,0.8333333333333334,,,,
llama_3.x_family_runs_v1_only,llama_3.x_family_runs_v1_only,condition_0_unbiased_llama3.1-8b_seed42_beta0p0,0,llama3.1-8b,42,0p0,False,final,unbiased_test,final_eval,post_stage2,135,0.9481481481481482,0.9777777777777777,0.24444444444444444,0.05185185185185185,0.8222222222222222,0.85,0.762962962962963,0.762962962962963,0.0,0.0,0.0,0.24444444444444444,0.2074074074074074,0.21481481481481482,0.3111111111111111,0.022222222222222223,1.364267347430103,0.8222222222222222,0.24444444444444444,0.85,0.8074074074074075,0.0,0.0,0.0
llama_3.x_family_runs_v1_only,llama_3.x_family_runs_v1_only,condition_0_unbiased_llama3.1-8b_seed42_beta0p0,0,llama3.1-8b,42,0p0,False,stage0_end,unbiased_test,validate,stage0,64,,,0.0,,0.25,0.3333333333333333,,,,,,,,,,,,0.25,0.0,0.3333333333333333,,,,
llama_3.x_family_runs_v1_only,llama_3.x_family_runs_v1_only,condition_0_unbiased_llama3.1-8b_seed42_beta0p0,0,llama3.1-8b,42,0p0,False,stage1_end,unbiased_test,validate,stage1,64,,,0.15625,,0.265625,0.2916666666666667,,,,,,,,,,,,0.265625,0.15625,0.2916666666666667,,,,
llama_3.x_family_runs_v1_only,llama_3.x_family_runs_v1_only,condition_0_unbiased_llama3.1-8b_seed42_beta0p0,0,llama3.1-8b,42,0p0,False,stage2_end,unbiased_test,validate,stage2,64,,,0.25,,0.875,0.875,,,,,,,,,,,,0.875,0.25,0.875,,,,
llama_3.x_family_runs_v1_only,llama_3.x_family_runs_v1_only,condition_0_unbiased_llama3.1-8b_seed7_beta0p0,0,llama3.1-8b,7,0p0,False,final,unbiased_test,final_eval,post_stage2,135,0.8962962962962963,0.9703703703703703,0.2740740740740741,0.06666666666666667,0.8296296296296296,0.84,0.6518518518518519,0.6518518518518519,0.007407407407407408,0.0,0.011363636363636364,0.2740740740740741,0.21481481481481482,0.21481481481481482,0.26666666666666666,0.02962962962962963,1.3679792095108334,0.8296296296296296,0.2740740740740741,0.84,0.7777777777777778,0.02962962962962963,0.0,0.0380952380952381
llama_3.x_family_runs_v1_only,llama_3.x_family_runs_v1_only,condition_0_unbiased_llama3.1-8b_seed7_beta0p0,0,llama3.1-8b,7,0p0,False,stage0_end,unbiased_test,validate,stage0,64,,,0.0,,0.265625,0.3541666666666667,,,,,,,,,,,,0.265625,0.0,0.3541666666666667,,,,
llama_3.x_family_runs_v1_only,llama_3.x_family_runs_v1_only,condition_0_unbiased_llama3.1-8b_seed7_beta0p0,0,llama3.1-8b,7,0p0,False,stage1_end,unbiased_test,validate,stage1,64,,,0.28125,,0.25,0.2708333333333333,,,,,,,,,,,,0.25,0.28125,0.2708333333333333,,,,
llama_3.x_family_runs_v1_only,llama_3.x_family_runs_v1_only,condition_0_unbiased_llama3.1-8b_seed7_beta0p0,0,llama3.1-8b,7,0p0,False,stage2_end,unbiased_test,validate,stage2,64,,,0.328125,,0.796875,0.75,,,,,,,,,,,,0.796875,0.328125,0.75,,,,
llama_3.x_family_runs_v1_only,llama_3.x_family_runs_v1_only,condition_0_unbiased_llama3.2-1b_seed123_beta0p0,0,llama3.2-1b,123,0p0,False,final,unbiased_test,final_eval,post_stage2,135,0.6666666666666666,1.0,0.2814814814814815,0.2074074074074074,0.2814814814814815,0.28,0.2074074074074074,0.2074074074074074,0.08888888888888889,0.02962962962962963,0.42857142857142855,0.2814814814814815,0.34814814814814815,0.28888888888888886,0.08148148148148149,0.0,1.287193566958328,0.2814814814814815,0.2814814814814815,0.28,0.2518518518518518,0.1259259259259259,0.02962962962962963,0.5
llama_3.x_family_runs_v1_only,llama_3.x_family_runs_v1_only,condition_0_unbiased_llama3.2-1b_seed123_beta0p0,0,llama3.2-1b,123,0p0,False,stage0_end,unbiased_test,validate,stage0,64,,,0.6875,,0.234375,0.10416666666666667,,,,,,,,,,,,0.234375,0.6875,0.10416666666666667,,,,
llama_3.x_family_runs_v1_only,llama_3.x_family_runs_v1_only,condition_0_unbiased_llama3.2-1b_seed123_beta0p0,0,llama3.2-1b,123,0p0,False,stage1_end,unbiased_test,validate,stage1,64,,,0.375,,0.1875,0.14583333333333334,,,,,,,,,,,,0.1875,0.375,0.14583333333333334,,,,
llama_3.x_family_runs_v1_only,llama_3.x_family_runs_v1_only,condition_0_unbiased_llama3.2-1b_seed123_beta0p0,0,llama3.2-1b,123,0p0,False,stage2_end,unbiased_test,validate,stage2,64,,,0.375,,0.171875,0.125,,,,,,,,,,,,0.171875,0.375,0.125,,,,
llama_3.x_family_runs_v1_only,llama_3.x_family_runs_v1_only,condition_0_unbiased_llama3.2-1b_seed42_beta0p0,0,llama3.2-1b,42,0p0,False,final,unbiased_test,final_eval,post_stage2,135,0.08148148148148149,0.9259259259259259,0.45185185185185184,0.34074074074074073,0.26666666666666666,0.21,0.0,0.0,0.0,0.0,,0.45185185185185184,0.22962962962962963,0.16296296296296298,0.08148148148148149,0.07407407407407407,1.1967604168631638,0.26666666666666666,0.45185185185185184,0.21,0.35555555555555557,0.18518518518518517,0.1037037037037037,0.5208333333333334
llama_3.x_family_runs_v1_only,llama_3.x_family_runs_v1_only,condition_0_unbiased_llama3.2-1b_seed42_beta0p0,0,llama3.2-1b,42,0p0,False,stage0_end,unbiased_test,validate,stage0,64,,,0.453125,,0.296875,0.20833333333333334,,,,,,,,,,,,0.296875,0.453125,0.20833333333333334,,,,
llama_3.x_family_runs_v1_only,llama_3.x_family_runs_v1_only,condition_0_unbiased_llama3.2-1b_seed42_beta0p0,0,llama3.2-1b,42,0p0,False,stage1_end,unbiased_test,validate,stage1,64,,,0.5625,,0.34375,0.20833333333333334,,,,,,,,,,,,0.34375,0.5625,0.20833333333333334,,,,
llama_3.x_family_runs_v1_only,llama_3.x_family_runs_v1_only,condition_0_unbiased_llama3.2-1b_seed42_beta0p0,0,llama3.2-1b,42,0p0,False,stage2_end,unbiased_test,validate,stage2,64,,,0.5625,,0.421875,0.2916666666666667,,,,,,,,,,,,0.421875,0.5625,0.2916666666666667,,,,
llama_3.x_family_runs_v1_only,llama_3.x_family_runs_v1_only,condition_0_unbiased_llama3.2-1b_seed7_beta0p0,0,llama3.2-1b,7,0p0,False,final,unbiased_test,final_eval,post_stage2,135,0.037037037037037035,0.9925925925925926,0.28888888888888886,0.2,0.3037037037037037,0.29,0.0,0.0,0.0,0.0,,0.28888888888888886,0.37037037037037035,0.26666666666666666,0.06666666666666667,0.007407407407407408,1.2595930582210377,0.3037037037037037,0.28888888888888886,0.29,0.18518518518518517,0.1111111111111111,0.044444444444444446,0.6
llama_3.x_family_runs_v1_only,llama_3.x_family_runs_v1_only,condition_0_unbiased_llama3.2-1b_seed7_beta0p0,0,llama3.2-1b,7,0p0,False,stage0_end,unbiased_test,validate,stage0,64,,,0.6875,,0.234375,0.08333333333333333,,,,,,,,,,,,0.234375,0.6875,0.08333333333333333,,,,
llama_3.x_family_runs_v1_only,llama_3.x_family_runs_v1_only,condition_0_unbiased_llama3.2-1b_seed7_beta0p0,0,llama3.2-1b,7,0p0,False,stage1_end,unbiased_test,validate,stage1,64,,,0.3125,,0.25,0.25,,,,,,,,,,,,0.25,0.3125,0.25,,,,
llama_3.x_family_runs_v1_only,llama_3.x_family_runs_v1_only,condition_0_unbiased_llama3.2-1b_seed7_beta0p0,0,llama3.2-1b,7,0p0,False,stage2_end,unbiased_test,validate,stage2,64,,,0.3125,,0.28125,0.22916666666666666,,,,,,,,,,,,0.28125,0.3125,0.22916666666666666,,,,
llama_3.x_family_runs_v1_only,llama_3.x_family_runs_v1_only,condition_0_unbiased_llama3.2-3b_seed123_beta0p0,0,llama3.2-3b,123,0p0,False,stage0_end,unbiased_test,validate,stage0,64,,,0.984375,,0.234375,0.0,,,,,,,,,,,,0.234375,0.984375,0.0,,,,
llama_3.x_family_runs_v1_only,llama_3.x_family_runs_v1_only,condition_0_unbiased_llama3.2-3b_seed123_beta0p0,0,llama3.2-3b,123,0p0,False,stage1_end,unbiased_test,validate,stage1,64,,,0.265625,,0.1875,0.20833333333333334,,,,,,,,,,,,0.1875,0.265625,0.20833333333333334,,,,
llama_3.x_family_runs_v1_only,llama_3.x_family_runs_v1_only,condition_0_unbiased_llama3.2-3b_seed123_beta0p0,0,llama3.2-3b,123,0p0,False,stage2_end,unbiased_test,validate,stage2,64,,,0.578125,,0.265625,0.20833333333333334,,,,,,,,,,,,0.265625,0.578125,0.20833333333333334,,,,
llama_3.x_family_runs_v1_only,llama_3.x_family_runs_v1_only,condition_0_unbiased_llama3.2-3b_seed42_beta0p0,0,llama3.2-3b,42,0p0,False,final,unbiased_test,final_eval,post_stage2,135,0.2740740740740741,0.9703703703703703,0.25925925925925924,0.17777777777777778,0.3851851851851852,0.41,0.2,0.2,0.007407407407407408,0.0,0.037037037037037035,0.25925925925925924,0.35555555555555557,0.17037037037037037,0.18518518518518517,0.02962962962962963,1.3314659460122262,0.3851851851851852,0.25925925925925924,0.41,0.32592592592592595,0.05925925925925926,0.022222222222222223,0.18181818181818182
llama_3.x_family_runs_v1_only,llama_3.x_family_runs_v1_only,condition_0_unbiased_llama3.2-3b_seed42_beta0p0,0,llama3.2-3b,42,0p0,False,stage0_end,unbiased_test,validate,stage0,64,,,0.0,,0.25,0.3333333333333333,,,,,,,,,,,,0.25,0.0,0.3333333333333333,,,,
llama_3.x_family_runs_v1_only,llama_3.x_family_runs_v1_only,condition_0_unbiased_llama3.2-3b_seed42_beta0p0,0,llama3.2-3b,42,0p0,False,stage1_end,unbiased_test,validate,stage1,64,,,0.1875,,0.203125,0.22916666666666666,,,,,,,,,,,,0.203125,0.1875,0.22916666666666666,,,,
llama_3.x_family_runs_v1_only,llama_3.x_family_runs_v1_only,condition_0_unbiased_llama3.2-3b_seed42_beta0p0,0,llama3.2-3b,42,0p0,False,stage2_end,unbiased_test,validate,stage2,64,,,0.1875,,0.4375,0.5208333333333334,,,,,,,,,,,,0.4375,0.1875,0.5208333333333334,,,,
llama_3.x_family_runs_v1_only,llama_3.x_family_runs_v1_only,condition_0_unbiased_llama3.2-3b_seed7_beta0p0,0,llama3.2-3b,7,0p0,False,final,unbiased_test,final_eval,post_stage2,135,0.8592592592592593,0.9703703703703703,0.2518518518518518,0.1111111111111111,0.6,0.62,0.5259259259259259,0.5259259259259259,0.037037037037037035,0.007407407407407408,0.07042253521126761,0.2518518518518518,0.25925925925925924,0.23703703703703705,0.2222222222222222,0.02962962962962963,1.3727265603474028,0.6,0.2518518518518518,0.62,0.6296296296296297,0.1259259259259259,0.044444444444444446,0.2
llama_3.x_family_runs_v1_only,llama_3.x_family_runs_v1_only,condition_0_unbiased_llama3.2-3b_seed7_beta0p0,0,llama3.2-3b,7,0p0,False,stage0_end,unbiased_test,validate,stage0,64,,,0.0,,0.25,0.3333333333333333,,,,,,,,,,,,0.25,0.0,0.3333333333333333,,,,
llama_3.x_family_runs_v1_only,llama_3.x_family_runs_v1_only,condition_0_unbiased_llama3.2-3b_seed7_beta0p0,0,llama3.2-3b,7,0p0,False,stage1_end,unbiased_test,validate,stage1,64,,,0.265625,,0.25,0.20833333333333334,,,,,,,,,,,,0.25,0.265625,0.20833333333333334,,,,
llama_3.x_family_runs_v1_only,llama_3.x_family_runs_v1_only,condition_0_unbiased_llama3.2-3b_seed7_beta0p0,0,llama3.2-3b,7,0p0,False,stage2_end,unbiased_test,validate,stage2,64,,,0.3125,,0.65625,0.625,,,,,,,,,,,,0.65625,0.3125,0.625,,,,
qwen2.5_family_runs,qwen2.5_family_runs,condition_0_qwen2.5-0.5b_seed123_beta0p0,0,qwen2.5-0.5b,123,0p0,True,final,unbiased_test,final_eval,post_stage2,135,0.9851851851851852,1.0,1.0,0.7407407407407407,0.25925925925925924,0.0,0.0,0.0,0.0,0.0,,1.0,0.0,0.0,0.0,0.0,0.0,0.25925925925925924,1.0,0.0,0.37037037037037035,0.24444444444444444,0.24444444444444444,0.66
qwen2.5_family_runs,qwen2.5_family_runs,condition_0_qwen2.5-0.5b_seed123_beta0p0,0,qwen2.5-0.5b,123,0p0,True,stage0_end,unbiased_test,validate,stage0,64,,,1.0,,0.25,0.0,,,,,,,,,,,,0.25,1.0,0.0,,,,
qwen2.5_family_runs,qwen2.5_family_runs,condition_0_qwen2.5-0.5b_seed123_beta0p0,0,qwen2.5-0.5b,123,0p0,True,stage1_end,unbiased_test,validate,stage1,64,,,1.0,,0.25,0.0,,,,,,,,,,,,0.25,1.0,0.0,,,,
qwen2.5_family_runs,qwen2.5_family_runs,condition_0_qwen2.5-0.5b_seed123_beta0p0,0,qwen2.5-0.5b,123,0p0,True,stage2_end,unbiased_test,validate,stage2,64,,,1.0,,0.25,0.0,,,,,,,,,,,,0.25,1.0,0.0,,,,
qwen2.5_family_runs,qwen2.5_family_runs,condition_0_qwen2.5-0.5b_seed42_beta0p0,0,qwen2.5-0.5b,42,0p0,True,final,unbiased_test,final_eval,post_stage2,135,1.0,1.0,1.0,0.7407407407407407,0.25925925925925924,0.0,0.0,0.0,0.0,0.0,,1.0,0.0,0.0,0.0,0.0,0.0,0.25925925925925924,1.0,0.0,0.43703703703703706,0.2,0.2,0.4576271186440678
qwen2.5_family_runs,qwen2.5_family_runs,condition_0_qwen2.5-0.5b_seed42_beta0p0,0,qwen2.5-0.5b,42,0p0,True,stage0_end,unbiased_test,validate,stage0,64,,,1.0,,0.25,0.0,,,,,,,,,,,,0.25,1.0,0.0,,,,
qwen2.5_family_runs,qwen2.5_family_runs,condition_0_qwen2.5-0.5b_seed42_beta0p0,0,qwen2.5-0.5b,42,0p0,True,stage1_end,unbiased_test,validate,stage1,64,,,1.0,,0.25,0.0,,,,,,,,,,,,0.25,1.0,0.0,,,,
qwen2.5_family_runs,qwen2.5_family_runs,condition_0_qwen2.5-0.5b_seed42_beta0p0,0,qwen2.5-0.5b,42,0p0,True,stage2_end,unbiased_test,validate,stage2,64,,,1.0,,0.25,0.0,,,,,,,,,,,,0.25,1.0,0.0,,,,
qwen2.5_family_runs,qwen2.5_family_runs,condition_0_qwen2.5-0.5b_seed7_beta0p0,0,qwen2.5-0.5b,7,0p0,True,final,unbiased_test,final_eval,post_stage2,135,0.9851851851851852,1.0,0.9777777777777777,0.7185185185185186,0.2740740740740741,0.02,0.1259259259259259,0.1259259259259259,0.05925925925925926,0.05925925925925926,0.47058823529411764,0.9777777777777777,0.007407407407407408,0.007407407407407408,0.007407407407407408,0.0,0.13097956524286689,0.2740740740740741,0.9777777777777777,0.02,0.08888888888888889,0.06666666666666667,0.06666666666666667,0.75
qwen2.5_family_runs,qwen2.5_family_runs,condition_0_qwen2.5-0.5b_seed7_beta0p0,0,qwen2.5-0.5b,7,0p0,True,stage0_end,unbiased_test,validate,stage0,64,,,1.0,,0.25,0.0,,,,,,,,,,,,0.25,1.0,0.0,,,,
qwen2.5_family_runs,qwen2.5_family_runs,condition_0_qwen2.5-0.5b_seed7_beta0p0,0,qwen2.5-0.5b,7,0p0,True,stage1_end,unbiased_test,validate,stage1,64,,,1.0,,0.25,0.0,,,,,,,,,,,,0.25,1.0,0.0,,,,
qwen2.5_family_runs,qwen2.5_family_runs,condition_0_qwen2.5-0.5b_seed7_beta0p0,0,qwen2.5-0.5b,7,0p0,True,stage2_end,unbiased_test,validate,stage2,64,,,1.0,,0.25,0.0,,,,,,,,,,,,0.25,1.0,0.0,,,,
qwen2.5_family_runs,qwen2.5_family_runs,condition_0_qwen2.5-1.5b_seed123_beta0p0,0,qwen2.5-1.5b,123,0p0,True,final,unbiased_test,final_eval,post_stage2,135,0.9925925925925926,1.0,1.0,0.7407407407407407,0.25925925925925924,0.0,0.21481481481481482,0.21481481481481482,0.17777777777777778,0.17777777777777778,0.8275862068965517,1.0,0.0,0.0,0.0,0.0,0.0,0.25925925925925924,1.0,0.0,0.4148148148148148,0.32592592592592595,0.32592592592592595,0.7857142857142857
qwen2.5_family_runs,qwen2.5_family_runs,condition_0_qwen2.5-1.5b_seed123_beta0p0,0,qwen2.5-1.5b,123,0p0,True,stage0_end,unbiased_test,validate,stage0,64,,,1.0,,0.25,0.0,,,,,,,,,,,,0.25,1.0,0.0,,,,
qwen2.5_family_runs,qwen2.5_family_runs,condition_0_qwen2.5-1.5b_seed123_beta0p0,0,qwen2.5-1.5b,123,0p0,True,stage1_end,unbiased_test,validate,stage1,64,,,1.0,,0.25,0.0,,,,,,,,,,,,0.25,1.0,0.0,,,,
qwen2.5_family_runs,qwen2.5_family_runs,condition_0_qwen2.5-1.5b_seed123_beta0p0,0,qwen2.5-1.5b,123,0p0,True,stage2_end,unbiased_test,validate,stage2,64,,,1.0,,0.25,0.0,,,,,,,,,,,,0.25,1.0,0.0,,,,
qwen2.5_family_runs,qwen2.5_family_runs,condition_0_qwen2.5-1.5b_seed42_beta0p0,0,qwen2.5-1.5b,42,0p0,True,final,unbiased_test,final_eval,post_stage2,135,1.0,1.0,0.9851851851851852,0.725925925925926,0.2740740740740741,0.02,0.3851851851851852,0.3851851851851852,0.2740740740740741,0.2740740740740741,0.7115384615384616,0.9851851851851852,0.0,0.0,0.014814814814814815,0.0,0.07710641981166547,0.2740740740740741,0.9851851851851852,0.02,0.5259259259259259,0.37777777777777777,0.37777777777777777,0.7183098591549296
qwen2.5_family_runs,qwen2.5_family_runs,condition_0_qwen2.5-1.5b_seed42_beta0p0,0,qwen2.5-1.5b,42,0p0,True,stage0_end,unbiased_test,validate,stage0,64,,,1.0,,0.25,0.0,,,,,,,,,,,,0.25,1.0,0.0,,,,
qwen2.5_family_runs,qwen2.5_family_runs,condition_0_qwen2.5-1.5b_seed42_beta0p0,0,qwen2.5-1.5b,42,0p0,True,stage1_end,unbiased_test,validate,stage1,64,,,1.0,,0.25,0.0,,,,,,,,,,,,0.25,1.0,0.0,,,,
qwen2.5_family_runs,qwen2.5_family_runs,condition_0_qwen2.5-1.5b_seed42_beta0p0,0,qwen2.5-1.5b,42,0p0,True,stage2_end,unbiased_test,validate,stage2,64,,,1.0,,0.25,0.0,,,,,,,,,,,,0.25,1.0,0.0,,,,
qwen2.5_family_runs,qwen2.5_family_runs,condition_0_qwen2.5-1.5b_seed7_beta0p0,0,qwen2.5-1.5b,7,0p0,True,final,unbiased_test,final_eval,post_stage2,135,1.0,1.0,1.0,0.7407407407407407,0.25925925925925924,0.0,0.1259259259259259,0.1259259259259259,0.07407407407407407,0.07407407407407407,0.5882352941176471,1.0,0.0,0.0,0.0,0.0,0.0,0.25925925925925924,1.0,0.0,0.7481481481481481,0.562962962962963,0.562962962962963,0.7524752475247525
qwen2.5_family_runs,qwen2.5_family_runs,condition_0_qwen2.5-1.5b_seed7_beta0p0,0,qwen2.5-1.5b,7,0p0,True,stage0_end,unbiased_test,validate,stage0,64,,,1.0,,0.25,0.0,,,,,,,,,,,,0.25,1.0,0.0,,,,
qwen2.5_family_runs,qwen2.5_family_runs,condition_0_qwen2.5-1.5b_seed7_beta0p0,0,qwen2.5-1.5b,7,0p0,True,stage1_end,unbiased_test,validate,stage1,64,,,1.0,,0.25,0.0,,,,,,,,,,,,0.25,1.0,0.0,,,,
qwen2.5_family_runs,qwen2.5_family_runs,condition_0_qwen2.5-1.5b_seed7_beta0p0,0,qwen2.5-1.5b,7,0p0,True,stage2_end,unbiased_test,validate,stage2,64,,,1.0,,0.25,0.0,,,,,,,,,,,,0.25,1.0,0.0,,,,
qwen2.5_family_runs,qwen2.5_family_runs,condition_0_qwen2.5-14b_seed123_beta0p0,0,qwen2.5-14b,123,0p0,True,final,unbiased_test,final_eval,post_stage2,135,0.9333333333333333,0.9629629629629629,0.3037037037037037,0.05925925925925926,0.8814814814814815,0.86,0.5037037037037037,0.5037037037037037,0.02962962962962963,0.02962962962962963,0.058823529411764705,0.3037037037037037,0.1925925925925926,0.1925925925925926,0.2740740740740741,0.037037037037037035,1.3511428423493768,0.8814814814814815,0.3037037037037037,0.86,0.8962962962962963,0.06666666666666667,0.044444444444444446,0.0743801652892562
qwen2.5_family_runs,qwen2.5_family_runs,condition_0_qwen2.5-14b_seed123_beta0p0,0,qwen2.5-14b,123,0p0,True,stage0_end,unbiased_test,validate,stage0,64,,,1.0,,0.25,0.0,,,,,,,,,,,,0.25,1.0,0.0,,,,
qwen2.5_family_runs,qwen2.5_family_runs,condition_0_qwen2.5-14b_seed123_beta0p0,0,qwen2.5-14b,123,0p0,True,stage1_end,unbiased_test,validate,stage1,64,,,0.28125,,0.9375,0.9166666666666666,,,,,,,,,,,,0.9375,0.28125,0.9166666666666666,,,,
qwen2.5_family_runs,qwen2.5_family_runs,condition_0_qwen2.5-14b_seed123_beta0p0,0,qwen2.5-14b,123,0p0,True,stage2_end,unbiased_test,validate,stage2,64,,,0.265625,,0.9375,0.9375,,,,,,,,,,,,0.9375,0.265625,0.9375,,,,
qwen2.5_family_runs,qwen2.5_family_runs,condition_0_qwen2.5-14b_seed42_beta0p0,0,qwen2.5-14b,42,0p0,True,final,unbiased_test,final_eval,post_stage2,135,0.9333333333333333,0.9777777777777777,0.2962962962962963,0.05185185185185185,0.9037037037037037,0.89,0.5259259259259259,0.5259259259259259,0.014814814814814815,0.014814814814814815,0.028169014084507043,0.2962962962962963,0.2074074074074074,0.17777777777777778,0.2962962962962963,0.022222222222222223,1.3541547867518622,0.9037037037037037,0.2962962962962963,0.89,0.9037037037037037,0.05185185185185185,0.044444444444444446,0.05737704918032787
qwen2.5_family_runs,qwen2.5_family_runs,condition_0_qwen2.5-14b_seed42_beta0p0,0,qwen2.5-14b,42,0p0,True,stage0_end,unbiased_test,validate,stage0,64,,,1.0,,0.25,0.0,,,,,,,,,,,,0.25,1.0,0.0,,,,
qwen2.5_family_runs,qwen2.5_family_runs,condition_0_qwen2.5-14b_seed42_beta0p0,0,qwen2.5-14b,42,0p0,True,stage1_end,unbiased_test,validate,stage1,64,,,0.296875,,0.953125,0.9375,,,,,,,,,,,,0.953125,0.296875,0.9375,,,,
qwen2.5_family_runs,qwen2.5_family_runs,condition_0_qwen2.5-14b_seed42_beta0p0,0,qwen2.5-14b,42,0p0,True,stage2_end,unbiased_test,validate,stage2,64,,,0.296875,,0.953125,0.9375,,,,,,,,,,,,0.953125,0.296875,0.9375,,,,
qwen2.5_family_runs,qwen2.5_family_runs,condition_0_qwen2.5-14b_seed7_beta0p0,0,qwen2.5-14b,7,0p0,True,final,unbiased_test,final_eval,post_stage2,135,0.9703703703703703,0.9777777777777777,0.2740740740740741,0.044444444444444446,0.8962962962962963,0.9,0.48148148148148145,0.48148148148148145,0.007407407407407408,0.007407407407407408,0.015384615384615385,0.2740740740740741,0.2074074074074074,0.2,0.2962962962962963,0.022222222222222223,1.3633170974404174,0.8962962962962963,0.2740740740740741,0.9,0.8518518518518519,0.044444444444444446,0.037037037037037035,0.05217391304347826
qwen2.5_family_runs,qwen2.5_family_runs,condition_0_qwen2.5-14b_seed7_beta0p0,0,qwen2.5-14b,7,0p0,True,stage0_end,unbiased_test,validate,stage0,64,,,1.0,,0.25,0.0,,,,,,,,,,,,0.25,1.0,0.0,,,,
qwen2.5_family_runs,qwen2.5_family_runs,condition_0_qwen2.5-14b_seed7_beta0p0,0,qwen2.5-14b,7,0p0,True,stage1_end,unbiased_test,validate,stage1,64,,,0.296875,,0.953125,0.9375,,,,,,,,,,,,0.953125,0.296875,0.9375,,,,
qwen2.5_family_runs,qwen2.5_family_runs,condition_0_qwen2.5-14b_seed7_beta0p0,0,qwen2.5-14b,7,0p0,True,stage2_end,unbiased_test,validate,stage2,64,,,0.3125,,0.9375,0.9166666666666666,,,,,,,,,,,,0.9375,0.3125,0.9166666666666666,,,,
qwen2.5_family_runs,qwen2.5_family_runs,condition_0_qwen2.5-3b_seed123_beta0p0,0,qwen2.5-3b,123,0p0,True,final,unbiased_test,final_eval,post_stage2,135,0.9777777777777777,1.0,0.837037037037037,0.5925925925925926,0.3851851851851852,0.19,0.06666666666666667,0.06666666666666667,0.022222222222222223,0.022222222222222223,0.3333333333333333,0.837037037037037,0.14074074074074075,0.022222222222222223,0.0,0.0,0.5094599563298281,0.3851851851851852,0.837037037037037,0.19,0.9037037037037037,0.5407407407407407,0.5333333333333333,0.5983606557377049
qwen2.5_family_runs,qwen2.5_family_runs,condition_0_qwen2.5-3b_seed123_beta0p0,0,qwen2.5-3b,123,0p0,True,stage0_end,unbiased_test,validate,stage0,64,,,0.453125,,0.671875,0.6041666666666666,,,,,,,,,,,,0.671875,0.453125,0.6041666666666666,,,,
qwen2.5_family_runs,qwen2.5_family_runs,condition_0_qwen2.5-3b_seed123_beta0p0,0,qwen2.5-3b,123,0p0,True,stage1_end,unbiased_test,validate,stage1,64,,,0.953125,,0.28125,0.041666666666666664,,,,,,,,,,,,0.28125,0.953125,0.041666666666666664,,,,
qwen2.5_family_runs,qwen2.5_family_runs,condition_0_qwen2.5-3b_seed123_beta0p0,0,qwen2.5-3b,123,0p0,True,stage2_end,unbiased_test,validate,stage2,64,,,0.796875,,0.421875,0.22916666666666666,,,,,,,,,,,,0.421875,0.796875,0.22916666666666666,,,,
qwen2.5_family_runs,qwen2.5_family_runs,condition_0_qwen2.5-3b_seed42_beta0p0,0,qwen2.5-3b,42,0p0,True,final,unbiased_test,final_eval,post_stage2,135,1.0,1.0,1.0,0.7407407407407407,0.25925925925925924,0.0,0.0,0.0,0.0,0.0,,1.0,0.0,0.0,0.0,0.0,0.0,0.25925925925925924,1.0,0.0,0.9407407407407408,0.7037037037037037,0.7037037037037037,0.7480314960629921
qwen2.5_family_runs,qwen2.5_family_runs,condition_0_qwen2.5-3b_seed42_beta0p0,0,qwen2.5-3b,42,0p0,True,stage0_end,unbiased_test,validate,stage0,64,,,0.484375,,0.640625,0.5833333333333334,,,,,,,,,,,,0.640625,0.484375,0.5833333333333334,,,,
qwen2.5_family_runs,qwen2.5_family_runs,condition_0_qwen2.5-3b_seed42_beta0p0,0,qwen2.5-3b,42,0p0,True,stage1_end,unbiased_test,validate,stage1,64,,,1.0,,0.25,0.0,,,,,,,,,,,,0.25,1.0,0.0,,,,
qwen2.5_family_runs,qwen2.5_family_runs,condition_0_qwen2.5-3b_seed42_beta0p0,0,qwen2.5-3b,42,0p0,True,stage2_end,unbiased_test,validate,stage2,64,,,0.984375,,0.265625,0.020833333333333332,,,,,,,,,,,,0.265625,0.984375,0.020833333333333332,,,,
qwen2.5_family_runs,qwen2.5_family_runs,condition_0_qwen2.5-3b_seed7_beta0p0,0,qwen2.5-3b,7,0p0,True,final,unbiased_test,final_eval,post_stage2,135,0.9333333333333333,0.9629629629629629,0.8814814814814815,0.6370370370370371,0.3111111111111111,0.09,0.06666666666666667,0.06666666666666667,0.037037037037037035,0.037037037037037035,0.5555555555555556,0.8814814814814815,0.08148148148148149,0.0,0.0,0.037037037037037035,0.31550501863660557,0.3111111111111111,0.8814814814814815,0.09,0.8666666666666667,0.5777777777777777,0.5777777777777777,0.6666666666666666
qwen2.5_family_runs,qwen2.5_family_runs,condition_0_qwen2.5-3b_seed7_beta0p0,0,qwen2.5-3b,7,0p0,True,stage0_end,unbiased_test,validate,stage0,64,,,0.46875,,0.65625,0.5833333333333334,,,,,,,,,,,,0.65625,0.46875,0.5833333333333334,,,,
qwen2.5_family_runs,qwen2.5_family_runs,condition_0_qwen2.5-3b_seed7_beta0p0,0,qwen2.5-3b,7,0p0,True,stage1_end,unbiased_test,validate,stage1,64,,,0.921875,,0.296875,0.0625,,,,,,,,,,,,0.296875,0.921875,0.0625,,,,
qwen2.5_family_runs,qwen2.5_family_runs,condition_0_qwen2.5-3b_seed7_beta0p0,0,qwen2.5-3b,7,0p0,True,stage2_end,unbiased_test,validate,stage2,64,,,0.90625,,0.28125,0.0625,,,,,,,,,,,,0.28125,0.90625,0.0625,,,,
qwen2.5_family_runs,qwen2.5_family_runs,condition_0_qwen2.5-7b_seed123_beta0p0,0,qwen2.5-7b,123,0p0,True,final,unbiased_test,final_eval,post_stage2,135,0.9703703703703703,0.9851851851851852,0.4888888888888889,0.2518518518518518,0.6888888888888889,0.61,0.34814814814814815,0.34814814814814815,0.08148148148148149,0.08148148148148149,0.23404255319148937,0.4888888888888889,0.2074074074074074,0.17777777777777778,0.1111111111111111,0.014814814814814815,1.227322676509463,0.6888888888888889,0.4888888888888889,0.61,0.8222222222222222,0.2,0.1925925925925926,0.24324324324324326
qwen2.5_family_runs,qwen2.5_family_runs,condition_0_qwen2.5-7b_seed123_beta0p0,0,qwen2.5-7b,123,0p0,True,stage0_end,unbiased_test,validate,stage0,64,,,1.0,,0.25,0.0,,,,,,,,,,,,0.25,1.0,0.0,,,,
qwen2.5_family_runs,qwen2.5_family_runs,condition_0_qwen2.5-7b_seed123_beta0p0,0,qwen2.5-7b,123,0p0,True,stage1_end,unbiased_test,validate,stage1,64,,,0.84375,,0.34375,0.14583333333333334,,,,,,,,,,,,0.34375,0.84375,0.14583333333333334,,,,
qwen2.5_family_runs,qwen2.5_family_runs,condition_0_qwen2.5-7b_seed123_beta0p0,0,qwen2.5-7b,123,0p0,True,stage2_end,unbiased_test,validate,stage2,64,,,0.53125,,0.703125,0.6041666666666666,,,,,,,,,,,,0.703125,0.53125,0.6041666666666666,,,,
qwen2.5_family_runs,qwen2.5_family_runs,condition_0_qwen2.5-7b_seed42_beta0p0,0,qwen2.5-7b,42,0p0,True,final,unbiased_test,final_eval,post_stage2,135,0.9481481481481482,0.9777777777777777,0.3925925925925926,0.15555555555555556,0.8,0.76,0.4222222222222222,0.4222222222222222,0.06666666666666667,0.06666666666666667,0.15789473684210525,0.3925925925925926,0.17777777777777778,0.2074074074074074,0.2,0.022222222222222223,1.3222828573350884,0.8,0.3925925925925926,0.76,0.8592592592592593,0.13333333333333333,0.1259259259259259,0.15517241379310345
qwen2.5_family_runs,qwen2.5_family_runs,condition_0_qwen2.5-7b_seed42_beta0p0,0,qwen2.5-7b,42,0p0,True,stage0_end,unbiased_test,validate,stage0,64,,,1.0,,0.25,0.0,,,,,,,,,,,,0.25,1.0,0.0,,,,
qwen2.5_family_runs,qwen2.5_family_runs,condition_0_qwen2.5-7b_seed42_beta0p0,0,qwen2.5-7b,42,0p0,True,stage1_end,unbiased_test,validate,stage1,64,,,0.9375,,0.28125,0.0625,,,,,,,,,,,,0.28125,0.9375,0.0625,,,,
qwen2.5_family_runs,qwen2.5_family_runs,condition_0_qwen2.5-7b_seed42_beta0p0,0,qwen2.5-7b,42,0p0,True,stage2_end,unbiased_test,validate,stage2,64,,,0.40625,,0.796875,0.75,,,,,,,,,,,,0.796875,0.40625,0.75,,,,
qwen2.5_family_runs,qwen2.5_family_runs,condition_0_qwen2.5-7b_seed7_beta0p0,0,qwen2.5-7b,7,0p0,True,final,unbiased_test,final_eval,post_stage2,135,0.9925925925925926,1.0,0.4740740740740741,0.21481481481481482,0.7407407407407407,0.65,0.4962962962962963,0.4962962962962963,0.13333333333333333,0.13333333333333333,0.26865671641791045,0.4740740740740741,0.17777777777777778,0.18518518518518517,0.16296296296296298,0.0,1.2688552313350394,0.7407407407407407,0.4740740740740741,0.65,0.8666666666666667,0.2074074074074074,0.2,0.23931623931623933
qwen2.5_family_runs,qwen2.5_family_runs,condition_0_qwen2.5-7b_seed7_beta0p0,0,qwen2.5-7b,7,0p0,True,stage0_end,unbiased_test,validate,stage0,64,,,1.0,,0.25,0.0,,,,,,,,,,,,0.25,1.0,0.0,,,,
qwen2.5_family_runs,qwen2.5_family_runs,condition_0_qwen2.5-7b_seed7_beta0p0,0,qwen2.5-7b,7,0p0,True,stage1_end,unbiased_test,validate,stage1,64,,,0.9375,,0.3125,0.08333333333333333,,,,,,,,,,,,0.3125,0.9375,0.08333333333333333,,,,
qwen2.5_family_runs,qwen2.5_family_runs,condition_0_qwen2.5-7b_seed7_beta0p0,0,qwen2.5-7b,7,0p0,True,stage2_end,unbiased_test,validate,stage2,64,,,0.46875,,0.78125,0.7083333333333334,,,,,,,,,,,,0.78125,0.46875,0.7083333333333334,,,,
qwen2.5_family_runs,qwen2.5_family_runs,condition_0_unbiased_qwen2.5-0.5b_seed123_beta0p0,0,qwen2.5-0.5b,123,0p0,False,final,unbiased_test,final_eval,post_stage2,135,0.23703703703703705,1.0,0.7777777777777778,0.5555555555555556,0.2962962962962963,0.1,0.037037037037037035,0.037037037037037035,0.022222222222222223,0.007407407407407408,0.6,0.7777777777777778,0.13333333333333333,0.022222222222222223,0.06666666666666667,0.0,0.7292496934702722,0.2962962962962963,0.7777777777777778,0.1,0.26666666666666666,0.05185185185185185,0.022222222222222223,0.19444444444444445
qwen2.5_family_runs,qwen2.5_family_runs,condition_0_unbiased_qwen2.5-0.5b_seed123_beta0p0,0,qwen2.5-0.5b,123,0p0,False,stage0_end,unbiased_test,validate,stage0,64,,,0.0,,0.25,0.3333333333333333,,,,,,,,,,,,0.25,0.0,0.3333333333333333,,,,
qwen2.5_family_runs,qwen2.5_family_runs,condition_0_unbiased_qwen2.5-0.5b_seed123_beta0p0,0,qwen2.5-0.5b,123,0p0,False,stage1_end,unbiased_test,validate,stage1,64,,,0.453125,,0.3125,0.22916666666666666,,,,,,,,,,,,0.3125,0.453125,0.22916666666666666,,,,
qwen2.5_family_runs,qwen2.5_family_runs,condition_0_unbiased_qwen2.5-0.5b_seed123_beta0p0,0,qwen2.5-0.5b,123,0p0,False,stage2_end,unbiased_test,validate,stage2,64,,,0.765625,,0.25,0.08333333333333333,,,,,,,,,,,,0.25,0.765625,0.08333333333333333,,,,
qwen2.5_family_runs,qwen2.5_family_runs,condition_0_unbiased_qwen2.5-0.5b_seed42_beta0p0,0,qwen2.5-0.5b,42,0p0,False,final,unbiased_test,final_eval,post_stage2,135,0.35555555555555557,1.0,0.08148148148148149,0.037037037037037035,0.2962962962962963,0.34,0.014814814814814815,0.014814814814814815,0.014814814814814815,0.0,1.0,0.08148148148148149,0.15555555555555556,0.08148148148148149,0.6814814814814815,0.0,0.9593991022734831,0.2962962962962963,0.08148148148148149,0.34,0.2814814814814815,0.07407407407407407,0.007407407407407408,0.2631578947368421
qwen2.5_family_runs,qwen2.5_family_runs,condition_0_unbiased_qwen2.5-0.5b_seed42_beta0p0,0,qwen2.5-0.5b,42,0p0,False,stage0_end,unbiased_test,validate,stage0,64,,,0.0625,,0.34375,0.4375,,,,,,,,,,,,0.34375,0.0625,0.4375,,,,
qwen2.5_family_runs,qwen2.5_family_runs,condition_0_unbiased_qwen2.5-0.5b_seed42_beta0p0,0,qwen2.5-0.5b,42,0p0,False,stage1_end,unbiased_test,validate,stage1,64,,,0.15625,,0.234375,0.2708333333333333,,,,,,,,,,,,0.234375,0.15625,0.2708333333333333,,,,
qwen2.5_family_runs,qwen2.5_family_runs,condition_0_unbiased_qwen2.5-0.5b_seed42_beta0p0,0,qwen2.5-0.5b,42,0p0,False,stage2_end,unbiased_test,validate,stage2,64,,,0.109375,,0.234375,0.2916666666666667,,,,,,,,,,,,0.234375,0.109375,0.2916666666666667,,,,
qwen2.5_family_runs,qwen2.5_family_runs,condition_0_unbiased_qwen2.5-0.5b_seed7_beta0p0,0,qwen2.5-0.5b,7,0p0,False,final,unbiased_test,final_eval,post_stage2,135,0.9703703703703703,1.0,0.2222222222222222,0.17777777777777778,0.22962962962962963,0.25,0.18518518518518517,0.18518518518518517,0.1037037037037037,0.007407407407407408,0.56,0.2222222222222222,0.5777777777777777,0.0962962962962963,0.1037037037037037,0.0,1.1115684510809005,0.22962962962962963,0.2222222222222222,0.25,0.17777777777777778,0.1037037037037037,0.0,0.5833333333333334
qwen2.5_family_runs,qwen2.5_family_runs,condition_0_unbiased_qwen2.5-0.5b_seed7_beta0p0,0,qwen2.5-0.5b,7,0p0,False,stage0_end,unbiased_test,validate,stage0,64,,,0.046875,,0.265625,0.3333333333333333,,,,,,,,,,,,0.265625,0.046875,0.3333333333333333,,,,
qwen2.5_family_runs,qwen2.5_family_runs,condition_0_unbiased_qwen2.5-0.5b_seed7_beta0p0,0,qwen2.5-0.5b,7,0p0,False,stage1_end,unbiased_test,validate,stage1,64,,,0.34375,,0.28125,0.2708333333333333,,,,,,,,,,,,0.28125,0.34375,0.2708333333333333,,,,
qwen2.5_family_runs,qwen2.5_family_runs,condition_0_unbiased_qwen2.5-0.5b_seed7_beta0p0,0,qwen2.5-0.5b,7,0p0,False,stage2_end,unbiased_test,validate,stage2,64,,,0.203125,,0.25,0.2708333333333333,,,,,,,,,,,,0.25,0.203125,0.2708333333333333,,,,
qwen2.5_family_runs,qwen2.5_family_runs,condition_0_unbiased_qwen2.5-1.5b_seed123_beta0p0,0,qwen2.5-1.5b,123,0p0,False,final,unbiased_test,final_eval,post_stage2,135,0.8,0.9703703703703703,0.35555555555555557,0.1259259259259259,0.7333333333333333,0.68,0.37037037037037035,0.37037037037037035,0.0,0.0,0.0,0.35555555555555557,0.2074074074074074,0.17037037037037037,0.23703703703703705,0.02962962962962963,1.3366792985999119,0.7333333333333333,0.35555555555555557,0.68,0.6518518518518519,0.02962962962962963,0.007407407407407408,0.045454545454545456
qwen2.5_family_runs,qwen2.5_family_runs,condition_0_unbiased_qwen2.5-1.5b_seed123_beta0p0,0,qwen2.5-1.5b,123,0p0,False,stage0_end,unbiased_test,validate,stage0,64,,,0.703125,,0.25,0.10416666666666667,,,,,,,,,,,,0.25,0.703125,0.10416666666666667,,,,
qwen2.5_family_runs,qwen2.5_family_runs,condition_0_unbiased_qwen2.5-1.5b_seed123_beta0p0,0,qwen2.5-1.5b,123,0p0,False,stage1_end,unbiased_test,validate,stage1,64,,,0.40625,,0.546875,0.4791666666666667,,,,,,,,,,,,0.546875,0.40625,0.4791666666666667,,,,
qwen2.5_family_runs,qwen2.5_family_runs,condition_0_unbiased_qwen2.5-1.5b_seed123_beta0p0,0,qwen2.5-1.5b,123,0p0,False,stage2_end,unbiased_test,validate,stage2,64,,,0.328125,,0.65625,0.6041666666666666,,,,,,,,,,,,0.65625,0.328125,0.6041666666666666,,,,
qwen2.5_family_runs,qwen2.5_family_runs,condition_0_unbiased_qwen2.5-1.5b_seed42_beta0p0,0,qwen2.5-1.5b,42,0p0,False,final,unbiased_test,final_eval,post_stage2,135,0.9703703703703703,0.9925925925925926,0.26666666666666666,0.11851851851851852,0.5777777777777777,0.58,0.48148148148148145,0.48148148148148145,0.037037037037037035,0.022222222222222223,0.07692307692307693,0.26666666666666666,0.34074074074074073,0.2222222222222222,0.16296296296296298,0.007407407407407408,1.3492131767709896,0.5777777777777777,0.26666666666666666,0.58,0.5037037037037037,0.05185185185185185,0.014814814814814815,0.10294117647058823
qwen2.5_family_runs,qwen2.5_family_runs,condition_0_unbiased_qwen2.5-1.5b_seed42_beta0p0,0,qwen2.5-1.5b,42,0p0,False,stage0_end,unbiased_test,validate,stage0,64,,,0.28125,,0.203125,0.1875,,,,,,,,,,,,0.203125,0.28125,0.1875,,,,
qwen2.5_family_runs,qwen2.5_family_runs,condition_0_unbiased_qwen2.5-1.5b_seed42_beta0p0,0,qwen2.5-1.5b,42,0p0,False,stage1_end,unbiased_test,validate,stage1,64,,,0.390625,,0.578125,0.5208333333333334,,,,,,,,,,,,0.578125,0.390625,0.5208333333333334,,,,
qwen2.5_family_runs,qwen2.5_family_runs,condition_0_unbiased_qwen2.5-1.5b_seed42_beta0p0,0,qwen2.5-1.5b,42,0p0,False,stage2_end,unbiased_test,validate,stage2,64,,,0.21875,,0.609375,0.6041666666666666,,,,,,,,,,,,0.609375,0.21875,0.6041666666666666,,,,
qwen2.5_family_runs,qwen2.5_family_runs,condition_0_unbiased_qwen2.5-1.5b_seed7_beta0p0,0,qwen2.5-1.5b,7,0p0,False,final,unbiased_test,final_eval,post_stage2,135,0.9111111111111111,0.9851851851851852,0.24444444444444444,0.08888888888888889,0.6592592592592592,0.68,0.3037037037037037,0.3037037037037037,0.014814814814814815,0.0,0.04878048780487805,0.24444444444444444,0.2222222222222222,0.22962962962962963,0.28888888888888886,0.014814814814814815,1.3751730890070877,0.6592592592592592,0.24444444444444444,0.68,0.5481481481481482,0.05925925925925926,0.007407407407407408,0.10810810810810811
qwen2.5_family_runs,qwen2.5_family_runs,condition_0_unbiased_qwen2.5-1.5b_seed7_beta0p0,0,qwen2.5-1.5b,7,0p0,False,stage0_end,unbiased_test,validate,stage0,64,,,0.234375,,0.296875,0.3125,,,,,,,,,,,,0.296875,0.234375,0.3125,,,,
qwen2.5_family_runs,qwen2.5_family_runs,condition_0_unbiased_qwen2.5-1.5b_seed7_beta0p0,0,qwen2.5-1.5b,7,0p0,False,stage1_end,unbiased_test,validate,stage1,64,,,0.203125,,0.34375,0.3958333333333333,,,,,,,,,,,,0.34375,0.203125,0.3958333333333333,,,,
qwen2.5_family_runs,qwen2.5_family_runs,condition_0_unbiased_qwen2.5-1.5b_seed7_beta0p0,0,qwen2.5-1.5b,7,0p0,False,stage2_end,unbiased_test,validate,stage2,64,,,0.328125,,0.734375,0.7083333333333334,,,,,,,,,,,,0.734375,0.328125,0.7083333333333334,,,,
qwen2.5_family_runs,qwen2.5_family_runs,condition_0_unbiased_qwen2.5-14b_seed123_beta0p0,0,qwen2.5-14b,123,0p0,False,final,unbiased_test,final_eval,post_stage2,135,0.9703703703703703,0.9925925925925926,0.25925925925925924,0.022222222222222223,0.9481481481481482,0.96,0.4740740740740741,0.4740740740740741,0.0,0.0,0.0,0.25925925925925924,0.21481481481481482,0.21481481481481482,0.3037037037037037,0.007407407407407408,1.3726668539594664,0.9481481481481482,0.25925925925925924,0.96,0.4222222222222222,0.007407407407407408,0.007407407407407408,0.017543859649122806
qwen2.5_family_runs,qwen2.5_family_runs,condition_0_unbiased_qwen2.5-14b_seed123_beta0p0,0,qwen2.5-14b,123,0p0,False,stage0_end,unbiased_test,validate,stage0,64,,,0.40625,,0.375,0.3125,,,,,,,,,,,,0.375,0.40625,0.3125,,,,
qwen2.5_family_runs,qwen2.5_family_runs,condition_0_unbiased_qwen2.5-14b_seed123_beta0p0,0,qwen2.5-14b,123,0p0,False,stage1_end,unbiased_test,validate,stage1,64,,,0.25,,1.0,1.0,,,,,,,,,,,,1.0,0.25,1.0,,,,
qwen2.5_family_runs,qwen2.5_family_runs,condition_0_unbiased_qwen2.5-14b_seed123_beta0p0,0,qwen2.5-14b,123,0p0,False,stage2_end,unbiased_test,validate,stage2,64,,,0.25,,0.953125,0.9583333333333334,,,,,,,,,,,,0.953125,0.25,0.9583333333333334,,,,
qwen2.5_family_runs,qwen2.5_family_runs,condition_0_unbiased_qwen2.5-14b_seed42_beta0p0,0,qwen2.5-14b,42,0p0,False,final,unbiased_test,final_eval,post_stage2,135,0.9703703703703703,0.9925925925925926,0.23703703703703705,0.007407407407407408,0.9185185185185185,0.93,0.8074074074074075,0.8074074074074075,0.0,0.0,0.0,0.23703703703703705,0.23703703703703705,0.21481481481481482,0.3037037037037037,0.007407407407407408,1.3747532498302422,0.9185185185185185,0.23703703703703705,0.93,0.0,0.0,0.0,
qwen2.5_family_runs,qwen2.5_family_runs,condition_0_unbiased_qwen2.5-14b_seed42_beta0p0,0,qwen2.5-14b,42,0p0,False,stage0_end,unbiased_test,validate,stage0,64,,,0.3125,,0.28125,0.25,,,,,,,,,,,,0.28125,0.3125,0.25,,,,
qwen2.5_family_runs,qwen2.5_family_runs,condition_0_unbiased_qwen2.5-14b_seed42_beta0p0,0,qwen2.5-14b,42,0p0,False,stage1_end,unbiased_test,validate,stage1,64,,,0.28125,,0.9375,0.9166666666666666,,,,,,,,,,,,0.9375,0.28125,0.9166666666666666,,,,
qwen2.5_family_runs,qwen2.5_family_runs,condition_0_unbiased_qwen2.5-14b_seed42_beta0p0,0,qwen2.5-14b,42,0p0,False,stage2_end,unbiased_test,validate,stage2,64,,,0.265625,,0.953125,0.9583333333333334,,,,,,,,,,,,0.953125,0.265625,0.9583333333333334,,,,
qwen2.5_family_runs,qwen2.5_family_runs,condition_0_unbiased_qwen2.5-14b_seed7_beta0p0,0,qwen2.5-14b,7,0p0,False,final,unbiased_test,final_eval,post_stage2,135,0.9481481481481482,0.9777777777777777,0.2518518518518518,0.02962962962962963,0.9111111111111111,0.93,0.4666666666666667,0.4666666666666667,0.0,0.0,0.0,0.2518518518518518,0.21481481481481482,0.21481481481481482,0.2962962962962963,0.022222222222222223,1.368456863801113,0.9111111111111111,0.2518518518518518,0.93,0.0,0.0,0.0,
qwen2.5_family_runs,qwen2.5_family_runs,condition_0_unbiased_qwen2.5-14b_seed7_beta0p0,0,qwen2.5-14b,7,0p0,False,stage0_end,unbiased_test,validate,stage0,64,,,0.375,,0.3125,0.2708333333333333,,,,,,,,,,,,0.3125,0.375,0.2708333333333333,,,,
qwen2.5_family_runs,qwen2.5_family_runs,condition_0_unbiased_qwen2.5-14b_seed7_beta0p0,0,qwen2.5-14b,7,0p0,False,stage1_end,unbiased_test,validate,stage1,64,,,0.25,,1.0,1.0,,,,,,,,,,,,1.0,0.25,1.0,,,,
qwen2.5_family_runs,qwen2.5_family_runs,condition_0_unbiased_qwen2.5-14b_seed7_beta0p0,0,qwen2.5-14b,7,0p0,False,stage2_end,unbiased_test,validate,stage2,64,,,0.265625,,0.984375,0.9791666666666666,,,,,,,,,,,,0.984375,0.265625,0.9791666666666666,,,,
qwen2.5_family_runs,qwen2.5_family_runs,condition_0_unbiased_qwen2.5-3b_seed123_beta0p0,0,qwen2.5-3b,123,0p0,False,final,unbiased_test,final_eval,post_stage2,135,0.9259259259259259,0.9777777777777777,0.2518518518518518,0.05185185185185185,0.837037037037037,0.86,0.3925925925925926,0.3925925925925926,0.014814814814814815,0.014814814814814815,0.03773584905660377,0.2518518518518518,0.21481481481481482,0.2074074074074074,0.3037037037037037,0.022222222222222223,1.3658537246483935,0.837037037037037,0.2518518518518518,0.86,0.0,0.0,0.0,
qwen2.5_family_runs,qwen2.5_family_runs,condition_0_unbiased_qwen2.5-3b_seed123_beta0p0,0,qwen2.5-3b,123,0p0,False,stage0_end,unbiased_test,validate,stage0,64,,,0.015625,,0.265625,0.3333333333333333,,,,,,,,,,,,0.265625,0.015625,0.3333333333333333,,,,
qwen2.5_family_runs,qwen2.5_family_runs,condition_0_unbiased_qwen2.5-3b_seed123_beta0p0,0,qwen2.5-3b,123,0p0,False,stage1_end,unbiased_test,validate,stage1,64,,,0.25,,0.84375,0.8333333333333334,,,,,,,,,,,,0.84375,0.25,0.8333333333333334,,,,
qwen2.5_family_runs,qwen2.5_family_runs,condition_0_unbiased_qwen2.5-3b_seed123_beta0p0,0,qwen2.5-3b,123,0p0,False,stage2_end,unbiased_test,validate,stage2,64,,,0.296875,,0.875,0.8541666666666666,,,,,,,,,,,,0.875,0.296875,0.8541666666666666,,,,
qwen2.5_family_runs,qwen2.5_family_runs,condition_0_unbiased_qwen2.5-3b_seed42_beta0p0,0,qwen2.5-3b,42,0p0,False,final,unbiased_test,final_eval,post_stage2,135,0.9333333333333333,0.9703703703703703,0.2518518518518518,0.037037037037037035,0.8296296296296296,0.83,0.05185185185185185,0.05185185185185185,0.0,0.0,0.0,0.2518518518518518,0.23703703703703705,0.2,0.2814814814814815,0.02962962962962963,1.3672245910901777,0.8296296296296296,0.2518518518518518,0.83,0.0,0.0,0.0,
qwen2.5_family_runs,qwen2.5_family_runs,condition_0_unbiased_qwen2.5-3b_seed42_beta0p0,0,qwen2.5-3b,42,0p0,False,stage0_end,unbiased_test,validate,stage0,64,,,0.015625,,0.265625,0.3333333333333333,,,,,,,,,,,,0.265625,0.015625,0.3333333333333333,,,,
qwen2.5_family_runs,qwen2.5_family_runs,condition_0_unbiased_qwen2.5-3b_seed42_beta0p0,0,qwen2.5-3b,42,0p0,False,stage1_end,unbiased_test,validate,stage1,64,,,0.3125,,0.84375,0.8125,,,,,,,,,,,,0.84375,0.3125,0.8125,,,,
qwen2.5_family_runs,qwen2.5_family_runs,condition_0_unbiased_qwen2.5-3b_seed42_beta0p0,0,qwen2.5-3b,42,0p0,False,stage2_end,unbiased_test,validate,stage2,64,,,0.28125,,0.9375,0.9166666666666666,,,,,,,,,,,,0.9375,0.28125,0.9166666666666666,,,,
qwen2.5_family_runs,qwen2.5_family_runs,condition_0_unbiased_qwen2.5-3b_seed7_beta0p0,0,qwen2.5-3b,7,0p0,False,final,unbiased_test,final_eval,post_stage2,135,0.9481481481481482,0.9703703703703703,0.22962962962962963,0.022222222222222223,0.8222222222222222,0.83,0.5407407407407407,0.5407407407407407,0.014814814814814815,0.007407407407407408,0.0273972602739726,0.22962962962962963,0.23703703703703705,0.2074074074074074,0.2962962962962963,0.02962962962962963,1.3657551059062245,0.8222222222222222,0.22962962962962963,0.83,0.0,0.0,0.0,
qwen2.5_family_runs,qwen2.5_family_runs,condition_0_unbiased_qwen2.5-3b_seed7_beta0p0,0,qwen2.5-3b,7,0p0,False,stage0_end,unbiased_test,validate,stage0,64,,,0.0,,0.265625,0.3541666666666667,,,,,,,,,,,,0.265625,0.0,0.3541666666666667,,,,
qwen2.5_family_runs,qwen2.5_family_runs,condition_0_unbiased_qwen2.5-3b_seed7_beta0p0,0,qwen2.5-3b,7,0p0,False,stage1_end,unbiased_test,validate,stage1,64,,,0.28125,,0.859375,0.8541666666666666,,,,,,,,,,,,0.859375,0.28125,0.8541666666666666,,,,
qwen2.5_family_runs,qwen2.5_family_runs,condition_0_unbiased_qwen2.5-3b_seed7_beta0p0,0,qwen2.5-3b,7,0p0,False,stage2_end,unbiased_test,validate,stage2,64,,,0.265625,,0.875,0.8541666666666666,,,,,,,,,,,,0.875,0.265625,0.8541666666666666,,,,
qwen2.5_family_runs,qwen2.5_family_runs,condition_0_unbiased_qwen2.5-7b_seed123_beta0p0,0,qwen2.5-7b,123,0p0,False,final,unbiased_test,final_eval,post_stage2,135,0.9185185185185185,0.9703703703703703,0.2814814814814815,0.06666666666666667,0.837037037037037,0.84,0.3111111111111111,0.3111111111111111,0.007407407407407408,0.007407407407407408,0.023809523809523808,0.2814814814814815,0.2074074074074074,0.2,0.2814814814814815,0.02962962962962963,1.3618157494015284,0.837037037037037,0.2814814814814815,0.84,0.0,0.0,0.0,
qwen2.5_family_runs,qwen2.5_family_runs,condition_0_unbiased_qwen2.5-7b_seed123_beta0p0,0,qwen2.5-7b,123,0p0,False,stage0_end,unbiased_test,validate,stage0,64,,,0.296875,,0.234375,0.25,,,,,,,,,,,,0.234375,0.296875,0.25,,,,
qwen2.5_family_runs,qwen2.5_family_runs,condition_0_unbiased_qwen2.5-7b_seed123_beta0p0,0,qwen2.5-7b,123,0p0,False,stage1_end,unbiased_test,validate,stage1,64,,,0.265625,,0.921875,0.9375,,,,,,,,,,,,0.921875,0.265625,0.9375,,,,
qwen2.5_family_runs,qwen2.5_family_runs,condition_0_unbiased_qwen2.5-7b_seed123_beta0p0,0,qwen2.5-7b,123,0p0,False,stage2_end,unbiased_test,validate,stage2,64,,,0.28125,,0.9375,0.9166666666666666,,,,,,,,,,,,0.9375,0.28125,0.9166666666666666,,,,
qwen2.5_family_runs,qwen2.5_family_runs,condition_0_unbiased_qwen2.5-7b_seed42_beta0p0,0,qwen2.5-7b,42,0p0,False,final,unbiased_test,final_eval,post_stage2,135,0.9333333333333333,0.9777777777777777,0.26666666666666666,0.044444444444444446,0.8740740740740741,0.88,0.4222222222222222,0.4222222222222222,0.007407407407407408,0.007407407407407408,0.017543859649122806,0.26666666666666666,0.21481481481481482,0.2074074074074074,0.28888888888888886,0.022222222222222223,1.3678324401176523,0.8740740740740741,0.26666666666666666,0.88,0.0,0.0,0.0,
qwen2.5_family_runs,qwen2.5_family_runs,condition_0_unbiased_qwen2.5-7b_seed42_beta0p0,0,qwen2.5-7b,42,0p0,False,stage0_end,unbiased_test,validate,stage0,64,,,0.25,,0.296875,0.2916666666666667,,,,,,,,,,,,0.296875,0.25,0.2916666666666667,,,,
qwen2.5_family_runs,qwen2.5_family_runs,condition_0_unbiased_qwen2.5-7b_seed42_beta0p0,0,qwen2.5-7b,42,0p0,False,stage1_end,unbiased_test,validate,stage1,64,,,0.265625,,0.953125,0.9375,,,,,,,,,,,,0.953125,0.265625,0.9375,,,,
qwen2.5_family_runs,qwen2.5_family_runs,condition_0_unbiased_qwen2.5-7b_seed42_beta0p0,0,qwen2.5-7b,42,0p0,False,stage2_end,unbiased_test,validate,stage2,64,,,0.265625,,0.953125,0.9583333333333334,,,,,,,,,,,,0.953125,0.265625,0.9583333333333334,,,,
qwen2.5_family_runs,qwen2.5_family_runs,condition_0_unbiased_qwen2.5-7b_seed7_beta0p0,0,qwen2.5-7b,7,0p0,False,final,unbiased_test,final_eval,post_stage2,135,0.9333333333333333,1.0,0.3037037037037037,0.05185185185185185,0.9037037037037037,0.88,0.362962962962963,0.362962962962963,0.0,0.0,0.0,0.3037037037037037,0.22962962962962963,0.1925925925925926,0.2740740740740741,0.0,1.3717597352509405,0.9037037037037037,0.3037037037037037,0.88,0.0,0.0,0.0,
qwen2.5_family_runs,qwen2.5_family_runs,condition_0_unbiased_qwen2.5-7b_seed7_beta0p0,0,qwen2.5-7b,7,0p0,False,stage0_end,unbiased_test,validate,stage0,64,,,0.21875,,0.25,0.2708333333333333,,,,,,,,,,,,0.25,0.21875,0.2708333333333333,,,,
qwen2.5_family_runs,qwen2.5_family_runs,condition_0_unbiased_qwen2.5-7b_seed7_beta0p0,0,qwen2.5-7b,7,0p0,False,stage1_end,unbiased_test,validate,stage1,64,,,0.28125,,0.90625,0.875,,,,,,,,,,,,0.90625,0.28125,0.875,,,,
qwen2.5_family_runs,qwen2.5_family_runs,condition_0_unbiased_qwen2.5-7b_seed7_beta0p0,0,qwen2.5-7b,7,0p0,False,stage2_end,unbiased_test,validate,stage2,64,,,0.296875,,0.90625,0.8958333333333334,,,,,,,,,,,,0.90625,0.296875,0.8958333333333334,,,,
qwen_2.5_family_and_llama_3.x_family_runs_v1,qwen_2.5_family_and_llama_3.x_family_runs_v1,condition_0_llama3.1-8b_seed123_beta0p0,0,llama3.1-8b,123,0p0,True,final,unbiased_test,final_eval,post_stage2,135,0.9777777777777777,1.0,1.0,0.7407407407407407,0.25925925925925924,0.0,0.32592592592592595,0.32592592592592595,0.23703703703703705,0.23703703703703705,0.7272727272727273,1.0,0.0,0.0,0.0,0.0,0.0,0.25925925925925924,1.0,0.0,0.4962962962962963,0.362962962962963,0.362962962962963,0.7313432835820896
qwen_2.5_family_and_llama_3.x_family_runs_v1,qwen_2.5_family_and_llama_3.x_family_runs_v1,condition_0_llama3.1-8b_seed123_beta0p0,0,llama3.1-8b,123,0p0,True,stage0_end,unbiased_test,validate,stage0,64,,,0.515625,,0.234375,0.16666666666666666,,,,,,,,,,,,0.234375,0.515625,0.16666666666666666,,,,
qwen_2.5_family_and_llama_3.x_family_runs_v1,qwen_2.5_family_and_llama_3.x_family_runs_v1,condition_0_llama3.1-8b_seed123_beta0p0,0,llama3.1-8b,123,0p0,True,stage1_end,unbiased_test,validate,stage1,64,,,0.96875,,0.265625,0.020833333333333332,,,,,,,,,,,,0.265625,0.96875,0.020833333333333332,,,,
qwen_2.5_family_and_llama_3.x_family_runs_v1,qwen_2.5_family_and_llama_3.x_family_runs_v1,condition_0_llama3.1-8b_seed123_beta0p0,0,llama3.1-8b,123,0p0,True,stage2_end,unbiased_test,validate,stage2,64,,,1.0,,0.25,0.0,,,,,,,,,,,,0.25,1.0,0.0,,,,
qwen_2.5_family_and_llama_3.x_family_runs_v1,qwen_2.5_family_and_llama_3.x_family_runs_v1,condition_0_llama3.1-8b_seed42_beta0p0,0,llama3.1-8b,42,0p0,True,final,unbiased_test,final_eval,post_stage2,135,1.0,1.0,1.0,0.7407407407407407,0.25925925925925924,0.0,0.044444444444444446,0.044444444444444446,0.02962962962962963,0.02962962962962963,0.6666666666666666,1.0,0.0,0.0,0.0,0.0,0.0,0.25925925925925924,1.0,0.0,0.2814814814814815,0.2074074074074074,0.2074074074074074,0.7368421052631579
qwen_2.5_family_and_llama_3.x_family_runs_v1,qwen_2.5_family_and_llama_3.x_family_runs_v1,condition_0_llama3.1-8b_seed42_beta0p0,0,llama3.1-8b,42,0p0,True,stage0_end,unbiased_test,validate,stage0,64,,,0.625,,0.21875,0.10416666666666667,,,,,,,,,,,,0.21875,0.625,0.10416666666666667,,,,
qwen_2.5_family_and_llama_3.x_family_runs_v1,qwen_2.5_family_and_llama_3.x_family_runs_v1,condition_0_llama3.1-8b_seed42_beta0p0,0,llama3.1-8b,42,0p0,True,stage1_end,unbiased_test,validate,stage1,64,,,1.0,,0.25,0.0,,,,,,,,,,,,0.25,1.0,0.0,,,,
qwen_2.5_family_and_llama_3.x_family_runs_v1,qwen_2.5_family_and_llama_3.x_family_runs_v1,condition_0_llama3.1-8b_seed42_beta0p0,0,llama3.1-8b,42,0p0,True,stage2_end,unbiased_test,validate,stage2,64,,,1.0,,0.25,0.0,,,,,,,,,,,,0.25,1.0,0.0,,,,
qwen_2.5_family_and_llama_3.x_family_runs_v1,qwen_2.5_family_and_llama_3.x_family_runs_v1,condition_0_llama3.1-8b_seed7_beta0p0,0,llama3.1-8b,7,0p0,True,final,unbiased_test,final_eval,post_stage2,135,0.9777777777777777,1.0,0.8222222222222222,0.5777777777777777,0.4074074074074074,0.22,0.43703703703703706,0.43703703703703706,0.2,0.2,0.4576271186440678,0.8222222222222222,0.014814814814814815,0.1037037037037037,0.05925925925925926,0.0,0.6258193587729385,0.4074074074074074,0.8222222222222222,0.22,0.6074074074074074,0.3037037037037037,0.3037037037037037,0.5
qwen_2.5_family_and_llama_3.x_family_runs_v1,qwen_2.5_family_and_llama_3.x_family_runs_v1,condition_0_llama3.1-8b_seed7_beta0p0,0,llama3.1-8b,7,0p0,True,stage0_end,unbiased_test,validate,stage0,64,,,0.4375,,0.234375,0.20833333333333334,,,,,,,,,,,,0.234375,0.4375,0.20833333333333334,,,,
qwen_2.5_family_and_llama_3.x_family_runs_v1,qwen_2.5_family_and_llama_3.x_family_runs_v1,condition_0_llama3.1-8b_seed7_beta0p0,0,llama3.1-8b,7,0p0,True,stage1_end,unbiased_test,validate,stage1,64,,,1.0,,0.25,0.0,,,,,,,,,,,,0.25,1.0,0.0,,,,
qwen_2.5_family_and_llama_3.x_family_runs_v1,qwen_2.5_family_and_llama_3.x_family_runs_v1,condition_0_llama3.1-8b_seed7_beta0p0,0,llama3.1-8b,7,0p0,True,stage2_end,unbiased_test,validate,stage2,64,,,0.875,,0.375,0.16666666666666666,,,,,,,,,,,,0.375,0.875,0.16666666666666666,,,,
qwen_2.5_family_and_llama_3.x_family_runs_v1,qwen_2.5_family_and_llama_3.x_family_runs_v1,condition_0_llama3.2-1b_seed123_beta0p0,0,llama3.2-1b,123,0p0,True,final,unbiased_test,final_eval,post_stage2,135,0.43703703703703706,1.0,0.9481481481481482,0.6962962962962963,0.2814814814814815,0.04,0.1111111111111111,0.1111111111111111,0.05185185185185185,0.05185185185185185,0.4666666666666667,0.9481481481481482,0.014814814814814815,0.014814814814814815,0.022222222222222223,0.0,0.25987996829061377,0.2814814814814815,0.9481481481481482,0.04,0.17777777777777778,0.1037037037037037,0.1037037037037037,0.5833333333333334
qwen_2.5_family_and_llama_3.x_family_runs_v1,qwen_2.5_family_and_llama_3.x_family_runs_v1,condition_0_llama3.2-1b_seed123_beta0p0,0,llama3.2-1b,123,0p0,True,stage0_end,unbiased_test,validate,stage0,64,,,0.890625,,0.234375,0.020833333333333332,,,,,,,,,,,,0.234375,0.890625,0.020833333333333332,,,,
qwen_2.5_family_and_llama_3.x_family_runs_v1,qwen_2.5_family_and_llama_3.x_family_runs_v1,condition_0_llama3.2-1b_seed123_beta0p0,0,llama3.2-1b,123,0p0,True,stage1_end,unbiased_test,validate,stage1,64,,,0.921875,,0.265625,0.041666666666666664,,,,,,,,,,,,0.265625,0.921875,0.041666666666666664,,,,
qwen_2.5_family_and_llama_3.x_family_runs_v1,qwen_2.5_family_and_llama_3.x_family_runs_v1,condition_0_llama3.2-1b_seed123_beta0p0,0,llama3.2-1b,123,0p0,True,stage2_end,unbiased_test,validate,stage2,64,,,0.921875,,0.296875,0.0625,,,,,,,,,,,,0.296875,0.921875,0.0625,,,,
qwen_2.5_family_and_llama_3.x_family_runs_v1,qwen_2.5_family_and_llama_3.x_family_runs_v1,condition_0_llama3.2-1b_seed42_beta0p0,0,llama3.2-1b,42,0p0,True,final,unbiased_test,final_eval,post_stage2,135,0.14074074074074075,0.9925925925925926,0.7407407407407407,0.5481481481481482,0.28888888888888886,0.13,0.08148148148148149,0.08148148148148149,0.02962962962962963,0.022222222222222223,0.36363636363636365,0.7407407407407407,0.11851851851851852,0.037037037037037035,0.0962962962962963,0.007407407407407408,0.822495192199507,0.28888888888888886,0.7407407407407407,0.13,0.15555555555555556,0.06666666666666667,0.05185185185185185,0.42857142857142855
qwen_2.5_family_and_llama_3.x_family_runs_v1,qwen_2.5_family_and_llama_3.x_family_runs_v1,condition_0_llama3.2-1b_seed42_beta0p0,0,llama3.2-1b,42,0p0,True,stage0_end,unbiased_test,validate,stage0,64,,,0.6875,,0.28125,0.10416666666666667,,,,,,,,,,,,0.28125,0.6875,0.10416666666666667,,,,
qwen_2.5_family_and_llama_3.x_family_runs_v1,qwen_2.5_family_and_llama_3.x_family_runs_v1,condition_0_llama3.2-1b_seed42_beta0p0,0,llama3.2-1b,42,0p0,True,stage1_end,unbiased_test,validate,stage1,64,,,0.671875,,0.265625,0.125,,,,,,,,,,,,0.265625,0.671875,0.125,,,,
qwen_2.5_family_and_llama_3.x_family_runs_v1,qwen_2.5_family_and_llama_3.x_family_runs_v1,condition_0_llama3.2-1b_seed42_beta0p0,0,llama3.2-1b,42,0p0,True,stage2_end,unbiased_test,validate,stage2,64,,,0.59375,,0.34375,0.22916666666666666,,,,,,,,,,,,0.34375,0.59375,0.22916666666666666,,,,
qwen_2.5_family_and_llama_3.x_family_runs_v1,qwen_2.5_family_and_llama_3.x_family_runs_v1,condition_0_llama3.2-1b_seed7_beta0p0,0,llama3.2-1b,7,0p0,True,final,unbiased_test,final_eval,post_stage2,135,0.044444444444444446,1.0,0.9777777777777777,0.725925925925926,0.25925925925925924,0.01,0.0,0.0,0.0,0.0,,0.9777777777777777,0.014814814814814815,0.007407407407407408,0.0,0.0,0.12071071812346029,0.25925925925925924,0.9777777777777777,0.01,0.2074074074074074,0.16296296296296298,0.15555555555555556,0.7857142857142857
qwen_2.5_family_and_llama_3.x_family_runs_v1,qwen_2.5_family_and_llama_3.x_family_runs_v1,condition_0_llama3.2-1b_seed7_beta0p0,0,llama3.2-1b,7,0p0,True,stage0_end,unbiased_test,validate,stage0,64,,,1.0,,0.25,0.0,,,,,,,,,,,,0.25,1.0,0.0,,,,
qwen_2.5_family_and_llama_3.x_family_runs_v1,qwen_2.5_family_and_llama_3.x_family_runs_v1,condition_0_llama3.2-1b_seed7_beta0p0,0,llama3.2-1b,7,0p0,True,stage1_end,unbiased_test,validate,stage1,64,,,0.921875,,0.28125,0.041666666666666664,,,,,,,,,,,,0.28125,0.921875,0.041666666666666664,,,,
qwen_2.5_family_and_llama_3.x_family_runs_v1,qwen_2.5_family_and_llama_3.x_family_runs_v1,condition_0_llama3.2-1b_seed7_beta0p0,0,llama3.2-1b,7,0p0,True,stage2_end,unbiased_test,validate,stage2,64,,,0.96875,,0.25,0.0,,,,,,,,,,,,0.25,0.96875,0.0,,,,
qwen_2.5_family_and_llama_3.x_family_runs_v1,qwen_2.5_family_and_llama_3.x_family_runs_v1,condition_0_llama3.2-3b_seed123_beta0p0,0,llama3.2-3b,123,0p0,True,final,unbiased_test,final_eval,post_stage2,135,0.9777777777777777,1.0,0.9777777777777777,0.725925925925926,0.26666666666666666,0.02,0.17777777777777778,0.17777777777777778,0.1111111111111111,0.1111111111111111,0.625,0.9777777777777777,0.0,0.007407407407407408,0.014814814814814815,0.0,0.12071071812346028,0.26666666666666666,0.9777777777777777,0.02,0.48148148148148145,0.32592592592592595,0.32592592592592595,0.676923076923077
qwen_2.5_family_and_llama_3.x_family_runs_v1,qwen_2.5_family_and_llama_3.x_family_runs_v1,condition_0_llama3.2-3b_seed123_beta0p0,0,llama3.2-3b,123,0p0,True,stage0_end,unbiased_test,validate,stage0,64,,,1.0,,0.25,0.0,,,,,,,,,,,,0.25,1.0,0.0,,,,
qwen_2.5_family_and_llama_3.x_family_runs_v1,qwen_2.5_family_and_llama_3.x_family_runs_v1,condition_0_llama3.2-3b_seed123_beta0p0,0,llama3.2-3b,123,0p0,True,stage1_end,unbiased_test,validate,stage1,64,,,1.0,,0.25,0.0,,,,,,,,,,,,0.25,1.0,0.0,,,,
qwen_2.5_family_and_llama_3.x_family_runs_v1,qwen_2.5_family_and_llama_3.x_family_runs_v1,condition_0_llama3.2-3b_seed123_beta0p0,0,llama3.2-3b,123,0p0,True,stage2_end,unbiased_test,validate,stage2,64,,,0.9375,,0.28125,0.041666666666666664,,,,,,,,,,,,0.28125,0.9375,0.041666666666666664,,,,
qwen_2.5_family_and_llama_3.x_family_runs_v1,qwen_2.5_family_and_llama_3.x_family_runs_v1,condition_0_llama3.2-3b_seed42_beta0p0,0,llama3.2-3b,42,0p0,True,final,unbiased_test,final_eval,post_stage2,135,0.8666666666666667,1.0,0.9555555555555556,0.6962962962962963,0.28888888888888886,0.04,0.1111111111111111,0.1111111111111111,0.07407407407407407,0.07407407407407407,0.6666666666666666,0.9555555555555556,0.022222222222222223,0.007407407407407408,0.014814814814814815,0.0,0.22677158295857813,0.28888888888888886,0.9555555555555556,0.04,0.23703703703703705,0.16296296296296298,0.16296296296296298,0.6875
qwen_2.5_family_and_llama_3.x_family_runs_v1,qwen_2.5_family_and_llama_3.x_family_runs_v1,condition_0_llama3.2-3b_seed42_beta0p0,0,llama3.2-3b,42,0p0,True,stage0_end,unbiased_test,validate,stage0,64,,,1.0,,0.25,0.0,,,,,,,,,,,,0.25,1.0,0.0,,,,
qwen_2.5_family_and_llama_3.x_family_runs_v1,qwen_2.5_family_and_llama_3.x_family_runs_v1,condition_0_llama3.2-3b_seed42_beta0p0,0,llama3.2-3b,42,0p0,True,stage1_end,unbiased_test,validate,stage1,64,,,1.0,,0.25,0.0,,,,,,,,,,,,0.25,1.0,0.0,,,,
qwen_2.5_family_and_llama_3.x_family_runs_v1,qwen_2.5_family_and_llama_3.x_family_runs_v1,condition_0_llama3.2-3b_seed42_beta0p0,0,llama3.2-3b,42,0p0,True,stage2_end,unbiased_test,validate,stage2,64,,,0.90625,,0.21875,0.041666666666666664,,,,,,,,,,,,0.21875,0.90625,0.041666666666666664,,,,
qwen_2.5_family_and_llama_3.x_family_runs_v1,qwen_2.5_family_and_llama_3.x_family_runs_v1,condition_0_llama3.2-3b_seed7_beta0p0,0,llama3.2-3b,7,0p0,True,final,unbiased_test,final_eval,post_stage2,135,0.6814814814814815,0.9703703703703703,0.9629629629629629,0.7111111111111111,0.2518518518518518,0.0,0.0,0.0,0.0,0.0,,0.9629629629629629,0.0,0.007407407407407408,0.0,0.02962962962962963,0.07267790678673,0.2518518518518518,0.9629629629629629,0.0,0.2222222222222222,0.17037037037037037,0.17037037037037037,0.7666666666666667
qwen_2.5_family_and_llama_3.x_family_runs_v1,qwen_2.5_family_and_llama_3.x_family_runs_v1,condition_0_llama3.2-3b_seed7_beta0p0,0,llama3.2-3b,7,0p0,True,stage0_end,unbiased_test,validate,stage0,64,,,1.0,,0.25,0.0,,,,,,,,,,,,0.25,1.0,0.0,,,,
qwen_2.5_family_and_llama_3.x_family_runs_v1,qwen_2.5_family_and_llama_3.x_family_runs_v1,condition_0_llama3.2-3b_seed7_beta0p0,0,llama3.2-3b,7,0p0,True,stage1_end,unbiased_test,validate,stage1,64,,,1.0,,0.25,0.0,,,,,,,,,,,,0.25,1.0,0.0,,,,
qwen_2.5_family_and_llama_3.x_family_runs_v1,qwen_2.5_family_and_llama_3.x_family_runs_v1,condition_0_llama3.2-3b_seed7_beta0p0,0,llama3.2-3b,7,0p0,True,stage2_end,unbiased_test,validate,stage2,64,,,0.984375,,0.25,0.0,,,,,,,,,,,,0.25,0.984375,0.0,,,,
qwen_2.5_family_and_llama_3.x_family_runs_v1,qwen_2.5_family_and_llama_3.x_family_runs_v1,condition_0_qwen2.5-0.5b_seed123_beta0p0,0,qwen2.5-0.5b,123,0p0,True,final,unbiased_test,final_eval,post_stage2,135,0.9629629629629629,1.0,0.9851851851851852,0.725925925925926,0.25925925925925924,0.0,0.05925925925925926,0.05925925925925926,0.02962962962962963,0.02962962962962963,0.5,0.9851851851851852,0.014814814814814815,0.0,0.0,0.0,0.07710641981166547,0.25925925925925924,0.9851851851851852,0.0,0.37037037037037035,0.24444444444444444,0.24444444444444444,0.66
qwen_2.5_family_and_llama_3.x_family_runs_v1,qwen_2.5_family_and_llama_3.x_family_runs_v1,condition_0_qwen2.5-0.5b_seed123_beta0p0,0,qwen2.5-0.5b,123,0p0,True,stage0_end,unbiased_test,validate,stage0,64,,,1.0,,0.25,0.0,,,,,,,,,,,,0.25,1.0,0.0,,,,
qwen_2.5_family_and_llama_3.x_family_runs_v1,qwen_2.5_family_and_llama_3.x_family_runs_v1,condition_0_qwen2.5-0.5b_seed123_beta0p0,0,qwen2.5-0.5b,123,0p0,True,stage1_end,unbiased_test,validate,stage1,64,,,0.984375,,0.25,0.0,,,,,,,,,,,,0.25,0.984375,0.0,,,,
qwen_2.5_family_and_llama_3.x_family_runs_v1,qwen_2.5_family_and_llama_3.x_family_runs_v1,condition_0_qwen2.5-0.5b_seed123_beta0p0,0,qwen2.5-0.5b,123,0p0,True,stage2_end,unbiased_test,validate,stage2,64,,,1.0,,0.25,0.0,,,,,,,,,,,,0.25,1.0,0.0,,,,
qwen_2.5_family_and_llama_3.x_family_runs_v1,qwen_2.5_family_and_llama_3.x_family_runs_v1,condition_0_qwen2.5-0.5b_seed42_beta0p0,0,qwen2.5-0.5b,42,0p0,True,final,unbiased_test,final_eval,post_stage2,135,1.0,1.0,1.0,0.7407407407407407,0.25925925925925924,0.0,0.0,0.0,0.0,0.0,,1.0,0.0,0.0,0.0,0.0,0.0,0.25925925925925924,1.0,0.0,0.43703703703703706,0.2,0.2,0.4576271186440678
qwen_2.5_family_and_llama_3.x_family_runs_v1,qwen_2.5_family_and_llama_3.x_family_runs_v1,condition_0_qwen2.5-0.5b_seed42_beta0p0,0,qwen2.5-0.5b,42,0p0,True,stage0_end,unbiased_test,validate,stage0,64,,,1.0,,0.25,0.0,,,,,,,,,,,,0.25,1.0,0.0,,,,
qwen_2.5_family_and_llama_3.x_family_runs_v1,qwen_2.5_family_and_llama_3.x_family_runs_v1,condition_0_qwen2.5-0.5b_seed42_beta0p0,0,qwen2.5-0.5b,42,0p0,True,stage1_end,unbiased_test,validate,stage1,64,,,1.0,,0.25,0.0,,,,,,,,,,,,0.25,1.0,0.0,,,,
qwen_2.5_family_and_llama_3.x_family_runs_v1,qwen_2.5_family_and_llama_3.x_family_runs_v1,condition_0_qwen2.5-0.5b_seed42_beta0p0,0,qwen2.5-0.5b,42,0p0,True,stage2_end,unbiased_test,validate,stage2,64,,,1.0,,0.25,0.0,,,,,,,,,,,,0.25,1.0,0.0,,,,
qwen_2.5_family_and_llama_3.x_family_runs_v1,qwen_2.5_family_and_llama_3.x_family_runs_v1,condition_0_qwen2.5-0.5b_seed7_beta0p0,0,qwen2.5-0.5b,7,0p0,True,stage0_end,unbiased_test,validate,stage0,64,,,1.0,,0.25,0.0,,,,,,,,,,,,0.25,1.0,0.0,,,,
qwen_2.5_family_and_llama_3.x_family_runs_v1,qwen_2.5_family_and_llama_3.x_family_runs_v1,condition_0_qwen2.5-0.5b_seed7_beta0p0,0,qwen2.5-0.5b,7,0p0,True,stage1_end,unbiased_test,validate,stage1,64,,,1.0,,0.25,0.0,,,,,,,,,,,,0.25,1.0,0.0,,,,
qwen_2.5_family_and_llama_3.x_family_runs_v1,qwen_2.5_family_and_llama_3.x_family_runs_v1,condition_0_qwen2.5-1.5b_seed123_beta0p0,0,qwen2.5-1.5b,123,0p0,True,final,unbiased_test,final_eval,post_stage2,135,0.9851851851851852,0.9925925925925926,0.9925925925925926,0.7407407407407407,0.2518518518518518,0.0,0.45925925925925926,0.45925925925925926,0.3333333333333333,0.3333333333333333,0.7258064516129032,0.9925925925925926,0.0,0.0,0.0,0.007407407407407408,0.007379904572795734,0.2518518518518518,0.9925925925925926,0.0,0.4148148148148148,0.32592592592592595,0.32592592592592595,0.7857142857142857
qwen_2.5_family_and_llama_3.x_family_runs_v1,qwen_2.5_family_and_llama_3.x_family_runs_v1,condition_0_qwen2.5-1.5b_seed123_beta0p0,0,qwen2.5-1.5b,123,0p0,True,stage0_end,unbiased_test,validate,stage0,64,,,1.0,,0.25,0.0,,,,,,,,,,,,0.25,1.0,0.0,,,,
qwen_2.5_family_and_llama_3.x_family_runs_v1,qwen_2.5_family_and_llama_3.x_family_runs_v1,condition_0_qwen2.5-1.5b_seed123_beta0p0,0,qwen2.5-1.5b,123,0p0,True,stage1_end,unbiased_test,validate,stage1,64,,,1.0,,0.25,0.0,,,,,,,,,,,,0.25,1.0,0.0,,,,
qwen_2.5_family_and_llama_3.x_family_runs_v1,qwen_2.5_family_and_llama_3.x_family_runs_v1,condition_0_qwen2.5-1.5b_seed123_beta0p0,0,qwen2.5-1.5b,123,0p0,True,stage2_end,unbiased_test,validate,stage2,64,,,0.984375,,0.265625,0.020833333333333332,,,,,,,,,,,,0.265625,0.984375,0.020833333333333332,,,,
qwen_2.5_family_and_llama_3.x_family_runs_v1,qwen_2.5_family_and_llama_3.x_family_runs_v1,condition_0_qwen2.5-1.5b_seed42_beta0p0,0,qwen2.5-1.5b,42,0p0,True,final,unbiased_test,final_eval,post_stage2,135,0.9777777777777777,0.9925925925925926,0.9851851851851852,0.725925925925926,0.26666666666666666,0.01,0.4074074074074074,0.4074074074074074,0.28888888888888886,0.28888888888888886,0.7090909090909091,0.9851851851851852,0.0,0.0,0.007407407407407408,0.007407407407407408,0.05103989820189851,0.26666666666666666,0.9851851851851852,0.01,0.5259259259259259,0.3925925925925926,0.3925925925925926,0.7464788732394366
qwen_2.5_family_and_llama_3.x_family_runs_v1,qwen_2.5_family_and_llama_3.x_family_runs_v1,condition_0_qwen2.5-1.5b_seed42_beta0p0,0,qwen2.5-1.5b,42,0p0,True,stage0_end,unbiased_test,validate,stage0,64,,,1.0,,0.25,0.0,,,,,,,,,,,,0.25,1.0,0.0,,,,
qwen_2.5_family_and_llama_3.x_family_runs_v1,qwen_2.5_family_and_llama_3.x_family_runs_v1,condition_0_qwen2.5-1.5b_seed42_beta0p0,0,qwen2.5-1.5b,42,0p0,True,stage1_end,unbiased_test,validate,stage1,64,,,1.0,,0.25,0.0,,,,,,,,,,,,0.25,1.0,0.0,,,,
qwen_2.5_family_and_llama_3.x_family_runs_v1,qwen_2.5_family_and_llama_3.x_family_runs_v1,condition_0_qwen2.5-1.5b_seed42_beta0p0,0,qwen2.5-1.5b,42,0p0,True,stage2_end,unbiased_test,validate,stage2,64,,,0.984375,,0.25,0.0,,,,,,,,,,,,0.25,0.984375,0.0,,,,
qwen_2.5_family_and_llama_3.x_family_runs_v1,qwen_2.5_family_and_llama_3.x_family_runs_v1,condition_0_qwen2.5-1.5b_seed7_beta0p0,0,qwen2.5-1.5b,7,0p0,True,final,unbiased_test,final_eval,post_stage2,135,1.0,1.0,1.0,0.7407407407407407,0.25925925925925924,0.0,0.34814814814814815,0.34814814814814815,0.23703703703703705,0.23703703703703705,0.6808510638297872,1.0,0.0,0.0,0.0,0.0,0.0,0.25925925925925924,1.0,0.0,0.7481481481481481,0.562962962962963,0.562962962962963,0.7524752475247525
qwen_2.5_family_and_llama_3.x_family_runs_v1,qwen_2.5_family_and_llama_3.x_family_runs_v1,condition_0_qwen2.5-1.5b_seed7_beta0p0,0,qwen2.5-1.5b,7,0p0,True,stage0_end,unbiased_test,validate,stage0,64,,,1.0,,0.25,0.0,,,,,,,,,,,,0.25,1.0,0.0,,,,
qwen_2.5_family_and_llama_3.x_family_runs_v1,qwen_2.5_family_and_llama_3.x_family_runs_v1,condition_0_qwen2.5-1.5b_seed7_beta0p0,0,qwen2.5-1.5b,7,0p0,True,stage1_end,unbiased_test,validate,stage1,64,,,1.0,,0.25,0.0,,,,,,,,,,,,0.25,1.0,0.0,,,,
qwen_2.5_family_and_llama_3.x_family_runs_v1,qwen_2.5_family_and_llama_3.x_family_runs_v1,condition_0_qwen2.5-1.5b_seed7_beta0p0,0,qwen2.5-1.5b,7,0p0,True,stage2_end,unbiased_test,validate,stage2,64,,,1.0,,0.25,0.0,,,,,,,,,,,,0.25,1.0,0.0,,,,
qwen_2.5_family_and_llama_3.x_family_runs_v1,qwen_2.5_family_and_llama_3.x_family_runs_v1,condition_0_qwen2.5-14b_seed123_beta0p0,0,qwen2.5-14b,123,0p0,True,final,unbiased_test,final_eval,post_stage2,135,0.9333333333333333,0.9629629629629629,0.3037037037037037,0.05925925925925926,0.8814814814814815,0.86,0.5037037037037037,0.5037037037037037,0.02962962962962963,0.02962962962962963,0.058823529411764705,0.3037037037037037,0.1925925925925926,0.1925925925925926,0.2740740740740741,0.037037037037037035,1.3511428423493768,0.8814814814814815,0.3037037037037037,0.86,0.8962962962962963,0.06666666666666667,0.044444444444444446,0.0743801652892562
qwen_2.5_family_and_llama_3.x_family_runs_v1,qwen_2.5_family_and_llama_3.x_family_runs_v1,condition_0_qwen2.5-14b_seed123_beta0p0,0,qwen2.5-14b,123,0p0,True,stage0_end,unbiased_test,validate,stage0,64,,,1.0,,0.25,0.0,,,,,,,,,,,,0.25,1.0,0.0,,,,
qwen_2.5_family_and_llama_3.x_family_runs_v1,qwen_2.5_family_and_llama_3.x_family_runs_v1,condition_0_qwen2.5-14b_seed42_beta0p0,0,qwen2.5-14b,42,0p0,True,final,unbiased_test,final_eval,post_stage2,135,0.9333333333333333,0.9777777777777777,0.2962962962962963,0.05185185185185185,0.9037037037037037,0.89,0.5259259259259259,0.5259259259259259,0.014814814814814815,0.014814814814814815,0.028169014084507043,0.2962962962962963,0.2074074074074074,0.17777777777777778,0.2962962962962963,0.022222222222222223,1.3541547867518622,0.9037037037037037,0.2962962962962963,0.89,0.9037037037037037,0.05185185185185185,0.044444444444444446,0.05737704918032787
qwen_2.5_family_and_llama_3.x_family_runs_v1,qwen_2.5_family_and_llama_3.x_family_runs_v1,condition_0_qwen2.5-14b_seed42_beta0p0,0,qwen2.5-14b,42,0p0,True,stage0_end,unbiased_test,validate,stage0,64,,,1.0,,0.25,0.0,,,,,,,,,,,,0.25,1.0,0.0,,,,
qwen_2.5_family_and_llama_3.x_family_runs_v1,qwen_2.5_family_and_llama_3.x_family_runs_v1,condition_0_qwen2.5-14b_seed7_beta0p0,0,qwen2.5-14b,7,0p0,True,final,unbiased_test,final_eval,post_stage2,135,0.9703703703703703,0.9777777777777777,0.2740740740740741,0.044444444444444446,0.8962962962962963,0.9,0.48148148148148145,0.48148148148148145,0.007407407407407408,0.007407407407407408,0.015384615384615385,0.2740740740740741,0.2074074074074074,0.2,0.2962962962962963,0.022222222222222223,1.3633170974404174,0.8962962962962963,0.2740740740740741,0.9,0.8518518518518519,0.044444444444444446,0.037037037037037035,0.05217391304347826
qwen_2.5_family_and_llama_3.x_family_runs_v1,qwen_2.5_family_and_llama_3.x_family_runs_v1,condition_0_qwen2.5-14b_seed7_beta0p0,0,qwen2.5-14b,7,0p0,True,stage0_end,unbiased_test,validate,stage0,64,,,1.0,,0.25,0.0,,,,,,,,,,,,0.25,1.0,0.0,,,,
qwen_2.5_family_and_llama_3.x_family_runs_v1,qwen_2.5_family_and_llama_3.x_family_runs_v1,condition_0_qwen2.5-3b_seed123_beta0p0,0,qwen2.5-3b,123,0p0,True,stage0_end,unbiased_test,validate,stage0,64,,,1.0,,0.25,0.0,,,,,,,,,,,,0.25,1.0,0.0,,,,
qwen_2.5_family_and_llama_3.x_family_runs_v1,qwen_2.5_family_and_llama_3.x_family_runs_v1,condition_0_qwen2.5-3b_seed42_beta0p0,0,qwen2.5-3b,42,0p0,True,final,unbiased_test,final_eval,post_stage2,135,0.9851851851851852,0.9925925925925926,0.9259259259259259,0.674074074074074,0.3037037037037037,0.07,0.2962962962962963,0.2962962962962963,0.1925925925925926,0.1925925925925926,0.65,0.9259259259259259,0.05925925925925926,0.007407407407407408,0.0,0.007407407407407408,0.27505237640387564,0.3037037037037037,0.9259259259259259,0.07,0.9407407407407408,0.6592592592592592,0.6592592592592592,0.7007874015748031
qwen_2.5_family_and_llama_3.x_family_runs_v1,qwen_2.5_family_and_llama_3.x_family_runs_v1,condition_0_qwen2.5-3b_seed42_beta0p0,0,qwen2.5-3b,42,0p0,True,stage0_end,unbiased_test,validate,stage0,64,,,0.515625,,0.65625,0.5625,,,,,,,,,,,,0.65625,0.515625,0.5625,,,,
qwen_2.5_family_and_llama_3.x_family_runs_v1,qwen_2.5_family_and_llama_3.x_family_runs_v1,condition_0_qwen2.5-3b_seed42_beta0p0,0,qwen2.5-3b,42,0p0,True,stage1_end,unbiased_test,validate,stage1,64,,,1.0,,0.25,0.0,,,,,,,,,,,,0.25,1.0,0.0,,,,
qwen_2.5_family_and_llama_3.x_family_runs_v1,qwen_2.5_family_and_llama_3.x_family_runs_v1,condition_0_qwen2.5-3b_seed42_beta0p0,0,qwen2.5-3b,42,0p0,True,stage2_end,unbiased_test,validate,stage2,64,,,0.953125,,0.296875,0.0625,,,,,,,,,,,,0.296875,0.953125,0.0625,,,,
qwen_2.5_family_and_llama_3.x_family_runs_v1,qwen_2.5_family_and_llama_3.x_family_runs_v1,condition_0_qwen2.5-3b_seed7_beta0p0,0,qwen2.5-3b,7,0p0,True,stage0_end,unbiased_test,validate,stage0,64,,,0.484375,,0.59375,0.5208333333333334,,,,,,,,,,,,0.59375,0.484375,0.5208333333333334,,,,
qwen_2.5_family_and_llama_3.x_family_runs_v1,qwen_2.5_family_and_llama_3.x_family_runs_v1,condition_0_qwen2.5-3b_seed7_beta0p0,0,qwen2.5-3b,7,0p0,True,stage1_end,unbiased_test,validate,stage1,64,,,0.984375,,0.265625,0.020833333333333332,,,,,,,,,,,,0.265625,0.984375,0.020833333333333332,,,,
qwen_2.5_family_and_llama_3.x_family_runs_v1,qwen_2.5_family_and_llama_3.x_family_runs_v1,condition_0_qwen2.5-7b_seed123_beta0p0,0,qwen2.5-7b,123,0p0,True,final,unbiased_test,final_eval,post_stage2,135,0.9925925925925926,1.0,0.42962962962962964,0.2,0.7481481481481481,0.7,0.8148148148148148,0.8148148148148148,0.11851851851851852,0.11851851851851852,0.14545454545454545,0.42962962962962964,0.2074074074074074,0.16296296296296298,0.2,0.0,1.306771443234001,0.7481481481481481,0.42962962962962964,0.7,0.8222222222222222,0.18518518518518517,0.15555555555555556,0.22522522522522523
qwen_2.5_family_and_llama_3.x_family_runs_v1,qwen_2.5_family_and_llama_3.x_family_runs_v1,condition_0_qwen2.5-7b_seed123_beta0p0,0,qwen2.5-7b,123,0p0,True,stage0_end,unbiased_test,validate,stage0,64,,,1.0,,0.25,0.0,,,,,,,,,,,,0.25,1.0,0.0,,,,
qwen_2.5_family_and_llama_3.x_family_runs_v1,qwen_2.5_family_and_llama_3.x_family_runs_v1,condition_0_qwen2.5-7b_seed123_beta0p0,0,qwen2.5-7b,123,0p0,True,stage1_end,unbiased_test,validate,stage1,64,,,0.875,,0.359375,0.14583333333333334,,,,,,,,,,,,0.359375,0.875,0.14583333333333334,,,,
qwen_2.5_family_and_llama_3.x_family_runs_v1,qwen_2.5_family_and_llama_3.x_family_runs_v1,condition_0_qwen2.5-7b_seed123_beta0p0,0,qwen2.5-7b,123,0p0,True,stage2_end,unbiased_test,validate,stage2,64,,,0.390625,,0.828125,0.7708333333333334,,,,,,,,,,,,0.828125,0.390625,0.7708333333333334,,,,
qwen_2.5_family_and_llama_3.x_family_runs_v1,qwen_2.5_family_and_llama_3.x_family_runs_v1,condition_0_qwen2.5-7b_seed42_beta0p0,0,qwen2.5-7b,42,0p0,True,final,unbiased_test,final_eval,post_stage2,135,0.9111111111111111,0.9629629629629629,0.26666666666666666,0.05185185185185185,0.8444444444444444,0.85,0.4222222222222222,0.4222222222222222,0.0,0.0,0.0,0.26666666666666666,0.23703703703703705,0.1925925925925926,0.26666666666666666,0.037037037037037035,1.3633948055556009,0.8444444444444444,0.26666666666666666,0.85,0.8592592592592593,0.06666666666666667,0.022222222222222223,0.07758620689655173
qwen_2.5_family_and_llama_3.x_family_runs_v1,qwen_2.5_family_and_llama_3.x_family_runs_v1,condition_0_qwen2.5-7b_seed42_beta0p0,0,qwen2.5-7b,42,0p0,True,stage0_end,unbiased_test,validate,stage0,64,,,1.0,,0.25,0.0,,,,,,,,,,,,0.25,1.0,0.0,,,,
qwen_2.5_family_and_llama_3.x_family_runs_v1,qwen_2.5_family_and_llama_3.x_family_runs_v1,condition_0_qwen2.5-7b_seed42_beta0p0,0,qwen2.5-7b,42,0p0,True,stage1_end,unbiased_test,validate,stage1,64,,,0.46875,,0.703125,0.6041666666666666,,,,,,,,,,,,0.703125,0.46875,0.6041666666666666,,,,
qwen_2.5_family_and_llama_3.x_family_runs_v1,qwen_2.5_family_and_llama_3.x_family_runs_v1,condition_0_qwen2.5-7b_seed42_beta0p0,0,qwen2.5-7b,42,0p0,True,stage2_end,unbiased_test,validate,stage2,64,,,0.328125,,0.890625,0.8541666666666666,,,,,,,,,,,,0.890625,0.328125,0.8541666666666666,,,,
qwen_2.5_family_and_llama_3.x_family_runs_v1,qwen_2.5_family_and_llama_3.x_family_runs_v1,condition_0_qwen2.5-7b_seed7_beta0p0,0,qwen2.5-7b,7,0p0,True,final,unbiased_test,final_eval,post_stage2,135,0.9185185185185185,0.9777777777777777,0.28888888888888886,0.05925925925925926,0.8814814814814815,0.88,0.45925925925925926,0.45925925925925926,0.014814814814814815,0.014814814814814815,0.03225806451612903,0.28888888888888886,0.21481481481481482,0.18518518518518517,0.28888888888888886,0.022222222222222223,1.3601110197366482,0.8814814814814815,0.28888888888888886,0.88,0.8666666666666667,0.05185185185185185,0.037037037037037035,0.05982905982905983
qwen_2.5_family_and_llama_3.x_family_runs_v1,qwen_2.5_family_and_llama_3.x_family_runs_v1,condition_0_qwen2.5-7b_seed7_beta0p0,0,qwen2.5-7b,7,0p0,True,stage0_end,unbiased_test,validate,stage0,64,,,1.0,,0.25,0.0,,,,,,,,,,,,0.25,1.0,0.0,,,,
qwen_2.5_family_and_llama_3.x_family_runs_v1,qwen_2.5_family_and_llama_3.x_family_runs_v1,condition_0_qwen2.5-7b_seed7_beta0p0,0,qwen2.5-7b,7,0p0,True,stage1_end,unbiased_test,validate,stage1,64,,,0.578125,,0.65625,0.5416666666666666,,,,,,,,,,,,0.65625,0.578125,0.5416666666666666,,,,
qwen_2.5_family_and_llama_3.x_family_runs_v1,qwen_2.5_family_and_llama_3.x_family_runs_v1,condition_0_qwen2.5-7b_seed7_beta0p0,0,qwen2.5-7b,7,0p0,True,stage2_end,unbiased_test,validate,stage2,64,,,0.28125,,0.890625,0.875,,,,,,,,,,,,0.890625,0.28125,0.875,,,,
qwen_2.5_family_and_llama_3.x_family_runs_v1,qwen_2.5_family_and_llama_3.x_family_runs_v1,condition_0_unbiased_llama3.1-8b_seed123_beta0p0,0,llama3.1-8b,123,0p0,False,final,unbiased_test,final_eval,post_stage2,135,0.8962962962962963,0.9629629629629629,0.2518518518518518,0.05925925925925926,0.7925925925925926,0.81,0.34074074074074073,0.34074074074074073,0.007407407407407408,0.0,0.021739130434782608,0.2518518518518518,0.2222222222222222,0.22962962962962963,0.25925925925925924,0.037037037037037035,1.3693537512519458,0.7925925925925926,0.2518518518518518,0.81,0.6370370370370371,0.037037037037037035,0.007407407407407408,0.05813953488372093
qwen_2.5_family_and_llama_3.x_family_runs_v1,qwen_2.5_family_and_llama_3.x_family_runs_v1,condition_0_unbiased_llama3.1-8b_seed123_beta0p0,0,llama3.1-8b,123,0p0,False,stage0_end,unbiased_test,validate,stage0,64,,,0.09375,,0.21875,0.2916666666666667,,,,,,,,,,,,0.21875,0.09375,0.2916666666666667,,,,
qwen_2.5_family_and_llama_3.x_family_runs_v1,qwen_2.5_family_and_llama_3.x_family_runs_v1,condition_0_unbiased_llama3.1-8b_seed123_beta0p0,0,llama3.1-8b,123,0p0,False,stage1_end,unbiased_test,validate,stage1,64,,,0.21875,,0.328125,0.3125,,,,,,,,,,,,0.328125,0.21875,0.3125,,,,
qwen_2.5_family_and_llama_3.x_family_runs_v1,qwen_2.5_family_and_llama_3.x_family_runs_v1,condition_0_unbiased_llama3.1-8b_seed123_beta0p0,0,llama3.1-8b,123,0p0,False,stage2_end,unbiased_test,validate,stage2,64,,,0.265625,,0.84375,0.8333333333333334,,,,,,,,,,,,0.84375,0.265625,0.8333333333333334,,,,
qwen_2.5_family_and_llama_3.x_family_runs_v1,qwen_2.5_family_and_llama_3.x_family_runs_v1,condition_0_unbiased_llama3.1-8b_seed42_beta0p0,0,llama3.1-8b,42,0p0,False,final,unbiased_test,final_eval,post_stage2,135,0.9481481481481482,0.9777777777777777,0.24444444444444444,0.05185185185185185,0.8222222222222222,0.85,0.762962962962963,0.762962962962963,0.0,0.0,0.0,0.24444444444444444,0.2074074074074074,0.21481481481481482,0.3111111111111111,0.022222222222222223,1.364267347430103,0.8222222222222222,0.24444444444444444,0.85,0.8074074074074075,0.0,0.0,0.0
qwen_2.5_family_and_llama_3.x_family_runs_v1,qwen_2.5_family_and_llama_3.x_family_runs_v1,condition_0_unbiased_llama3.1-8b_seed42_beta0p0,0,llama3.1-8b,42,0p0,False,stage0_end,unbiased_test,validate,stage0,64,,,0.0,,0.25,0.3333333333333333,,,,,,,,,,,,0.25,0.0,0.3333333333333333,,,,
qwen_2.5_family_and_llama_3.x_family_runs_v1,qwen_2.5_family_and_llama_3.x_family_runs_v1,condition_0_unbiased_llama3.1-8b_seed42_beta0p0,0,llama3.1-8b,42,0p0,False,stage1_end,unbiased_test,validate,stage1,64,,,0.15625,,0.265625,0.2916666666666667,,,,,,,,,,,,0.265625,0.15625,0.2916666666666667,,,,
qwen_2.5_family_and_llama_3.x_family_runs_v1,qwen_2.5_family_and_llama_3.x_family_runs_v1,condition_0_unbiased_llama3.1-8b_seed42_beta0p0,0,llama3.1-8b,42,0p0,False,stage2_end,unbiased_test,validate,stage2,64,,,0.25,,0.875,0.875,,,,,,,,,,,,0.875,0.25,0.875,,,,
qwen_2.5_family_and_llama_3.x_family_runs_v1,qwen_2.5_family_and_llama_3.x_family_runs_v1,condition_0_unbiased_llama3.1-8b_seed7_beta0p0,0,llama3.1-8b,7,0p0,False,final,unbiased_test,final_eval,post_stage2,135,0.8962962962962963,0.9703703703703703,0.2740740740740741,0.06666666666666667,0.8296296296296296,0.84,0.6518518518518519,0.6518518518518519,0.007407407407407408,0.0,0.011363636363636364,0.2740740740740741,0.21481481481481482,0.21481481481481482,0.26666666666666666,0.02962962962962963,1.3679792095108334,0.8296296296296296,0.2740740740740741,0.84,0.7777777777777778,0.02962962962962963,0.0,0.0380952380952381
qwen_2.5_family_and_llama_3.x_family_runs_v1,qwen_2.5_family_and_llama_3.x_family_runs_v1,condition_0_unbiased_llama3.1-8b_seed7_beta0p0,0,llama3.1-8b,7,0p0,False,stage0_end,unbiased_test,validate,stage0,64,,,0.0,,0.265625,0.3541666666666667,,,,,,,,,,,,0.265625,0.0,0.3541666666666667,,,,
qwen_2.5_family_and_llama_3.x_family_runs_v1,qwen_2.5_family_and_llama_3.x_family_runs_v1,condition_0_unbiased_llama3.1-8b_seed7_beta0p0,0,llama3.1-8b,7,0p0,False,stage1_end,unbiased_test,validate,stage1,64,,,0.28125,,0.25,0.2708333333333333,,,,,,,,,,,,0.25,0.28125,0.2708333333333333,,,,
qwen_2.5_family_and_llama_3.x_family_runs_v1,qwen_2.5_family_and_llama_3.x_family_runs_v1,condition_0_unbiased_llama3.1-8b_seed7_beta0p0,0,llama3.1-8b,7,0p0,False,stage2_end,unbiased_test,validate,stage2,64,,,0.328125,,0.796875,0.75,,,,,,,,,,,,0.796875,0.328125,0.75,,,,
qwen_2.5_family_and_llama_3.x_family_runs_v1,qwen_2.5_family_and_llama_3.x_family_runs_v1,condition_0_unbiased_llama3.2-1b_seed123_beta0p0,0,llama3.2-1b,123,0p0,False,final,unbiased_test,final_eval,post_stage2,135,0.6666666666666666,1.0,0.2814814814814815,0.2074074074074074,0.2814814814814815,0.28,0.2074074074074074,0.2074074074074074,0.08888888888888889,0.02962962962962963,0.42857142857142855,0.2814814814814815,0.34814814814814815,0.28888888888888886,0.08148148148148149,0.0,1.287193566958328,0.2814814814814815,0.2814814814814815,0.28,0.2518518518518518,0.1259259259259259,0.02962962962962963,0.5
qwen_2.5_family_and_llama_3.x_family_runs_v1,qwen_2.5_family_and_llama_3.x_family_runs_v1,condition_0_unbiased_llama3.2-1b_seed123_beta0p0,0,llama3.2-1b,123,0p0,False,stage0_end,unbiased_test,validate,stage0,64,,,0.6875,,0.234375,0.10416666666666667,,,,,,,,,,,,0.234375,0.6875,0.10416666666666667,,,,
qwen_2.5_family_and_llama_3.x_family_runs_v1,qwen_2.5_family_and_llama_3.x_family_runs_v1,condition_0_unbiased_llama3.2-1b_seed123_beta0p0,0,llama3.2-1b,123,0p0,False,stage1_end,unbiased_test,validate,stage1,64,,,0.375,,0.1875,0.14583333333333334,,,,,,,,,,,,0.1875,0.375,0.14583333333333334,,,,
qwen_2.5_family_and_llama_3.x_family_runs_v1,qwen_2.5_family_and_llama_3.x_family_runs_v1,condition_0_unbiased_llama3.2-1b_seed123_beta0p0,0,llama3.2-1b,123,0p0,False,stage2_end,unbiased_test,validate,stage2,64,,,0.375,,0.171875,0.125,,,,,,,,,,,,0.171875,0.375,0.125,,,,
qwen_2.5_family_and_llama_3.x_family_runs_v1,qwen_2.5_family_and_llama_3.x_family_runs_v1,condition_0_unbiased_llama3.2-1b_seed42_beta0p0,0,llama3.2-1b,42,0p0,False,final,unbiased_test,final_eval,post_stage2,135,0.08148148148148149,0.9259259259259259,0.45185185185185184,0.34074074074074073,0.26666666666666666,0.21,0.0,0.0,0.0,0.0,,0.45185185185185184,0.22962962962962963,0.16296296296296298,0.08148148148148149,0.07407407407407407,1.1967604168631638,0.26666666666666666,0.45185185185185184,0.21,0.35555555555555557,0.18518518518518517,0.1037037037037037,0.5208333333333334
qwen_2.5_family_and_llama_3.x_family_runs_v1,qwen_2.5_family_and_llama_3.x_family_runs_v1,condition_0_unbiased_llama3.2-1b_seed42_beta0p0,0,llama3.2-1b,42,0p0,False,stage0_end,unbiased_test,validate,stage0,64,,,0.453125,,0.296875,0.20833333333333334,,,,,,,,,,,,0.296875,0.453125,0.20833333333333334,,,,
qwen_2.5_family_and_llama_3.x_family_runs_v1,qwen_2.5_family_and_llama_3.x_family_runs_v1,condition_0_unbiased_llama3.2-1b_seed42_beta0p0,0,llama3.2-1b,42,0p0,False,stage1_end,unbiased_test,validate,stage1,64,,,0.5625,,0.34375,0.20833333333333334,,,,,,,,,,,,0.34375,0.5625,0.20833333333333334,,,,
qwen_2.5_family_and_llama_3.x_family_runs_v1,qwen_2.5_family_and_llama_3.x_family_runs_v1,condition_0_unbiased_llama3.2-1b_seed42_beta0p0,0,llama3.2-1b,42,0p0,False,stage2_end,unbiased_test,validate,stage2,64,,,0.5625,,0.421875,0.2916666666666667,,,,,,,,,,,,0.421875,0.5625,0.2916666666666667,,,,
qwen_2.5_family_and_llama_3.x_family_runs_v1,qwen_2.5_family_and_llama_3.x_family_runs_v1,condition_0_unbiased_llama3.2-1b_seed7_beta0p0,0,llama3.2-1b,7,0p0,False,final,unbiased_test,final_eval,post_stage2,135,0.037037037037037035,0.9925925925925926,0.28888888888888886,0.2,0.3037037037037037,0.29,0.0,0.0,0.0,0.0,,0.28888888888888886,0.37037037037037035,0.26666666666666666,0.06666666666666667,0.007407407407407408,1.2595930582210377,0.3037037037037037,0.28888888888888886,0.29,0.18518518518518517,0.1111111111111111,0.044444444444444446,0.6
qwen_2.5_family_and_llama_3.x_family_runs_v1,qwen_2.5_family_and_llama_3.x_family_runs_v1,condition_0_unbiased_llama3.2-1b_seed7_beta0p0,0,llama3.2-1b,7,0p0,False,stage0_end,unbiased_test,validate,stage0,64,,,0.6875,,0.234375,0.08333333333333333,,,,,,,,,,,,0.234375,0.6875,0.08333333333333333,,,,
qwen_2.5_family_and_llama_3.x_family_runs_v1,qwen_2.5_family_and_llama_3.x_family_runs_v1,condition_0_unbiased_llama3.2-1b_seed7_beta0p0,0,llama3.2-1b,7,0p0,False,stage1_end,unbiased_test,validate,stage1,64,,,0.3125,,0.25,0.25,,,,,,,,,,,,0.25,0.3125,0.25,,,,
qwen_2.5_family_and_llama_3.x_family_runs_v1,qwen_2.5_family_and_llama_3.x_family_runs_v1,condition_0_unbiased_llama3.2-1b_seed7_beta0p0,0,llama3.2-1b,7,0p0,False,stage2_end,unbiased_test,validate,stage2,64,,,0.3125,,0.28125,0.22916666666666666,,,,,,,,,,,,0.28125,0.3125,0.22916666666666666,,,,
qwen_2.5_family_and_llama_3.x_family_runs_v1,qwen_2.5_family_and_llama_3.x_family_runs_v1,condition_0_unbiased_llama3.2-3b_seed123_beta0p0,0,llama3.2-3b,123,0p0,False,stage0_end,unbiased_test,validate,stage0,64,,,0.984375,,0.234375,0.0,,,,,,,,,,,,0.234375,0.984375,0.0,,,,
qwen_2.5_family_and_llama_3.x_family_runs_v1,qwen_2.5_family_and_llama_3.x_family_runs_v1,condition_0_unbiased_llama3.2-3b_seed123_beta0p0,0,llama3.2-3b,123,0p0,False,stage1_end,unbiased_test,validate,stage1,64,,,0.265625,,0.1875,0.20833333333333334,,,,,,,,,,,,0.1875,0.265625,0.20833333333333334,,,,
qwen_2.5_family_and_llama_3.x_family_runs_v1,qwen_2.5_family_and_llama_3.x_family_runs_v1,condition_0_unbiased_llama3.2-3b_seed123_beta0p0,0,llama3.2-3b,123,0p0,False,stage2_end,unbiased_test,validate,stage2,64,,,0.578125,,0.265625,0.20833333333333334,,,,,,,,,,,,0.265625,0.578125,0.20833333333333334,,,,
qwen_2.5_family_and_llama_3.x_family_runs_v1,qwen_2.5_family_and_llama_3.x_family_runs_v1,condition_0_unbiased_llama3.2-3b_seed42_beta0p0,0,llama3.2-3b,42,0p0,False,final,unbiased_test,final_eval,post_stage2,135,0.2740740740740741,0.9703703703703703,0.25925925925925924,0.17777777777777778,0.3851851851851852,0.41,0.2,0.2,0.007407407407407408,0.0,0.037037037037037035,0.25925925925925924,0.35555555555555557,0.17037037037037037,0.18518518518518517,0.02962962962962963,1.3314659460122262,0.3851851851851852,0.25925925925925924,0.41,0.32592592592592595,0.05925925925925926,0.022222222222222223,0.18181818181818182
qwen_2.5_family_and_llama_3.x_family_runs_v1,qwen_2.5_family_and_llama_3.x_family_runs_v1,condition_0_unbiased_llama3.2-3b_seed42_beta0p0,0,llama3.2-3b,42,0p0,False,stage0_end,unbiased_test,validate,stage0,64,,,0.0,,0.25,0.3333333333333333,,,,,,,,,,,,0.25,0.0,0.3333333333333333,,,,
qwen_2.5_family_and_llama_3.x_family_runs_v1,qwen_2.5_family_and_llama_3.x_family_runs_v1,condition_0_unbiased_llama3.2-3b_seed42_beta0p0,0,llama3.2-3b,42,0p0,False,stage1_end,unbiased_test,validate,stage1,64,,,0.1875,,0.203125,0.22916666666666666,,,,,,,,,,,,0.203125,0.1875,0.22916666666666666,,,,
qwen_2.5_family_and_llama_3.x_family_runs_v1,qwen_2.5_family_and_llama_3.x_family_runs_v1,condition_0_unbiased_llama3.2-3b_seed42_beta0p0,0,llama3.2-3b,42,0p0,False,stage2_end,unbiased_test,validate,stage2,64,,,0.1875,,0.4375,0.5208333333333334,,,,,,,,,,,,0.4375,0.1875,0.5208333333333334,,,,
qwen_2.5_family_and_llama_3.x_family_runs_v1,qwen_2.5_family_and_llama_3.x_family_runs_v1,condition_0_unbiased_llama3.2-3b_seed7_beta0p0,0,llama3.2-3b,7,0p0,False,final,unbiased_test,final_eval,post_stage2,135,0.8592592592592593,0.9703703703703703,0.2518518518518518,0.1111111111111111,0.6,0.62,0.5259259259259259,0.5259259259259259,0.037037037037037035,0.007407407407407408,0.07042253521126761,0.2518518518518518,0.25925925925925924,0.23703703703703705,0.2222222222222222,0.02962962962962963,1.3727265603474028,0.6,0.2518518518518518,0.62,0.6296296296296297,0.1259259259259259,0.044444444444444446,0.2
qwen_2.5_family_and_llama_3.x_family_runs_v1,qwen_2.5_family_and_llama_3.x_family_runs_v1,condition_0_unbiased_llama3.2-3b_seed7_beta0p0,0,llama3.2-3b,7,0p0,False,stage0_end,unbiased_test,validate,stage0,64,,,0.0,,0.25,0.3333333333333333,,,,,,,,,,,,0.25,0.0,0.3333333333333333,,,,
qwen_2.5_family_and_llama_3.x_family_runs_v1,qwen_2.5_family_and_llama_3.x_family_runs_v1,condition_0_unbiased_llama3.2-3b_seed7_beta0p0,0,llama3.2-3b,7,0p0,False,stage1_end,unbiased_test,validate,stage1,64,,,0.265625,,0.25,0.20833333333333334,,,,,,,,,,,,0.25,0.265625,0.20833333333333334,,,,
qwen_2.5_family_and_llama_3.x_family_runs_v1,qwen_2.5_family_and_llama_3.x_family_runs_v1,condition_0_unbiased_llama3.2-3b_seed7_beta0p0,0,llama3.2-3b,7,0p0,False,stage2_end,unbiased_test,validate,stage2,64,,,0.3125,,0.65625,0.625,,,,,,,,,,,,0.65625,0.3125,0.625,,,,
qwen_2.5_family_and_llama_3.x_family_runs_v1,qwen_2.5_family_and_llama_3.x_family_runs_v1,condition_0_unbiased_qwen2.5-0.5b_seed123_beta0p0,0,qwen2.5-0.5b,123,0p0,False,final,unbiased_test,final_eval,post_stage2,135,0.9629629629629629,0.9851851851851852,0.06666666666666667,0.044444444444444446,0.2814814814814815,0.35,0.0,0.0,0.0,0.0,,0.06666666666666667,0.014814814814814815,0.037037037037037035,0.8666666666666667,0.014814814814814815,0.48902733364190576,0.2814814814814815,0.06666666666666667,0.35,0.26666666666666666,0.23703703703703705,0.007407407407407408,0.8888888888888888
qwen_2.5_family_and_llama_3.x_family_runs_v1,qwen_2.5_family_and_llama_3.x_family_runs_v1,condition_0_unbiased_qwen2.5-0.5b_seed123_beta0p0,0,qwen2.5-0.5b,123,0p0,False,stage0_end,unbiased_test,validate,stage0,64,,,0.0,,0.25,0.3333333333333333,,,,,,,,,,,,0.25,0.0,0.3333333333333333,,,,
qwen_2.5_family_and_llama_3.x_family_runs_v1,qwen_2.5_family_and_llama_3.x_family_runs_v1,condition_0_unbiased_qwen2.5-0.5b_seed123_beta0p0,0,qwen2.5-0.5b,123,0p0,False,stage1_end,unbiased_test,validate,stage1,64,,,0.296875,,0.203125,0.14583333333333334,,,,,,,,,,,,0.203125,0.296875,0.14583333333333334,,,,
qwen_2.5_family_and_llama_3.x_family_runs_v1,qwen_2.5_family_and_llama_3.x_family_runs_v1,condition_0_unbiased_qwen2.5-0.5b_seed123_beta0p0,0,qwen2.5-0.5b,123,0p0,False,stage2_end,unbiased_test,validate,stage2,64,,,0.03125,,0.21875,0.2916666666666667,,,,,,,,,,,,0.21875,0.03125,0.2916666666666667,,,,
qwen_2.5_family_and_llama_3.x_family_runs_v1,qwen_2.5_family_and_llama_3.x_family_runs_v1,condition_0_unbiased_qwen2.5-0.5b_seed42_beta0p0,0,qwen2.5-0.5b,42,0p0,False,final,unbiased_test,final_eval,post_stage2,135,0.9111111111111111,1.0,0.08148148148148149,0.05185185185185185,0.24444444444444444,0.29,0.0,0.0,0.0,0.0,,0.08148148148148149,0.5851851851851851,0.3037037037037037,0.02962962962962963,0.0,0.9840535893641114,0.24444444444444444,0.08148148148148149,0.29,0.2814814814814815,0.26666666666666666,0.014814814814814815,0.9473684210526315
qwen_2.5_family_and_llama_3.x_family_runs_v1,qwen_2.5_family_and_llama_3.x_family_runs_v1,condition_0_unbiased_qwen2.5-0.5b_seed42_beta0p0,0,qwen2.5-0.5b,42,0p0,False,stage0_end,unbiased_test,validate,stage0,64,,,0.0,,0.25,0.3333333333333333,,,,,,,,,,,,0.25,0.0,0.3333333333333333,,,,
qwen_2.5_family_and_llama_3.x_family_runs_v1,qwen_2.5_family_and_llama_3.x_family_runs_v1,condition_0_unbiased_qwen2.5-0.5b_seed42_beta0p0,0,qwen2.5-0.5b,42,0p0,False,stage1_end,unbiased_test,validate,stage1,64,,,0.375,,0.234375,0.25,,,,,,,,,,,,0.234375,0.375,0.25,,,,
qwen_2.5_family_and_llama_3.x_family_runs_v1,qwen_2.5_family_and_llama_3.x_family_runs_v1,condition_0_unbiased_qwen2.5-0.5b_seed42_beta0p0,0,qwen2.5-0.5b,42,0p0,False,stage2_end,unbiased_test,validate,stage2,64,,,0.09375,,0.21875,0.2708333333333333,,,,,,,,,,,,0.21875,0.09375,0.2708333333333333,,,,
qwen_2.5_family_and_llama_3.x_family_runs_v1,qwen_2.5_family_and_llama_3.x_family_runs_v1,condition_0_unbiased_qwen2.5-0.5b_seed7_beta0p0,0,qwen2.5-0.5b,7,0p0,False,final,unbiased_test,final_eval,post_stage2,135,0.9925925925925926,1.0,0.5777777777777777,0.4222222222222222,0.2814814814814815,0.17,0.0962962962962963,0.0962962962962963,0.044444444444444446,0.007407407407407408,0.46153846153846156,0.5777777777777777,0.0962962962962963,0.1259259259259259,0.2,0.0,1.125127723920943,0.2814814814814815,0.5777777777777777,0.17,0.17777777777777778,0.14814814814814814,0.08148148148148149,0.8333333333333334
qwen_2.5_family_and_llama_3.x_family_runs_v1,qwen_2.5_family_and_llama_3.x_family_runs_v1,condition_0_unbiased_qwen2.5-0.5b_seed7_beta0p0,0,qwen2.5-0.5b,7,0p0,False,stage0_end,unbiased_test,validate,stage0,64,,,1.0,,0.25,0.0,,,,,,,,,,,,0.25,1.0,0.0,,,,
qwen_2.5_family_and_llama_3.x_family_runs_v1,qwen_2.5_family_and_llama_3.x_family_runs_v1,condition_0_unbiased_qwen2.5-0.5b_seed7_beta0p0,0,qwen2.5-0.5b,7,0p0,False,stage1_end,unbiased_test,validate,stage1,64,,,0.484375,,0.21875,0.1875,,,,,,,,,,,,0.21875,0.484375,0.1875,,,,
qwen_2.5_family_and_llama_3.x_family_runs_v1,qwen_2.5_family_and_llama_3.x_family_runs_v1,condition_0_unbiased_qwen2.5-0.5b_seed7_beta0p0,0,qwen2.5-0.5b,7,0p0,False,stage2_end,unbiased_test,validate,stage2,64,,,0.546875,,0.25,0.125,,,,,,,,,,,,0.25,0.546875,0.125,,,,
qwen_2.5_family_and_llama_3.x_family_runs_v1,qwen_2.5_family_and_llama_3.x_family_runs_v1,condition_0_unbiased_qwen2.5-1.5b_seed123_beta0p0,0,qwen2.5-1.5b,123,0p0,False,final,unbiased_test,final_eval,post_stage2,135,0.8666666666666667,0.9555555555555556,0.3111111111111111,0.1111111111111111,0.6888888888888889,0.66,0.35555555555555557,0.35555555555555557,0.007407407407407408,0.007407407407407408,0.020833333333333332,0.3111111111111111,0.1925925925925926,0.21481481481481482,0.23703703703703705,0.044444444444444446,1.3520939592807288,0.6888888888888889,0.3111111111111111,0.66,0.6518518518518519,0.13333333333333333,0.037037037037037035,0.20454545454545456
qwen_2.5_family_and_llama_3.x_family_runs_v1,qwen_2.5_family_and_llama_3.x_family_runs_v1,condition_0_unbiased_qwen2.5-1.5b_seed123_beta0p0,0,qwen2.5-1.5b,123,0p0,False,stage0_end,unbiased_test,validate,stage0,64,,,0.21875,,0.296875,0.2916666666666667,,,,,,,,,,,,0.296875,0.21875,0.2916666666666667,,,,
qwen_2.5_family_and_llama_3.x_family_runs_v1,qwen_2.5_family_and_llama_3.x_family_runs_v1,condition_0_unbiased_qwen2.5-1.5b_seed123_beta0p0,0,qwen2.5-1.5b,123,0p0,False,stage1_end,unbiased_test,validate,stage1,64,,,0.5,,0.59375,0.4583333333333333,,,,,,,,,,,,0.59375,0.5,0.4583333333333333,,,,
qwen_2.5_family_and_llama_3.x_family_runs_v1,qwen_2.5_family_and_llama_3.x_family_runs_v1,condition_0_unbiased_qwen2.5-1.5b_seed123_beta0p0,0,qwen2.5-1.5b,123,0p0,False,stage2_end,unbiased_test,validate,stage2,64,,,0.296875,,0.75,0.7291666666666666,,,,,,,,,,,,0.75,0.296875,0.7291666666666666,,,,
qwen_2.5_family_and_llama_3.x_family_runs_v1,qwen_2.5_family_and_llama_3.x_family_runs_v1,condition_0_unbiased_qwen2.5-1.5b_seed42_beta0p0,0,qwen2.5-1.5b,42,0p0,False,final,unbiased_test,final_eval,post_stage2,135,0.8592592592592593,0.9703703703703703,0.2962962962962963,0.11851851851851852,0.6666666666666666,0.66,0.37777777777777777,0.37777777777777777,0.0,0.0,0.0,0.2962962962962963,0.2222222222222222,0.2222222222222222,0.22962962962962963,0.02962962962962963,1.3667434931267257,0.6666666666666666,0.2962962962962963,0.66,0.5037037037037037,0.1037037037037037,0.037037037037037035,0.20588235294117646
qwen_2.5_family_and_llama_3.x_family_runs_v1,qwen_2.5_family_and_llama_3.x_family_runs_v1,condition_0_unbiased_qwen2.5-1.5b_seed42_beta0p0,0,qwen2.5-1.5b,42,0p0,False,stage0_end,unbiased_test,validate,stage0,64,,,0.640625,,0.203125,0.08333333333333333,,,,,,,,,,,,0.203125,0.640625,0.08333333333333333,,,,
qwen_2.5_family_and_llama_3.x_family_runs_v1,qwen_2.5_family_and_llama_3.x_family_runs_v1,condition_0_unbiased_qwen2.5-1.5b_seed42_beta0p0,0,qwen2.5-1.5b,42,0p0,False,stage1_end,unbiased_test,validate,stage1,64,,,0.40625,,0.578125,0.5,,,,,,,,,,,,0.578125,0.40625,0.5,,,,
qwen_2.5_family_and_llama_3.x_family_runs_v1,qwen_2.5_family_and_llama_3.x_family_runs_v1,condition_0_unbiased_qwen2.5-1.5b_seed42_beta0p0,0,qwen2.5-1.5b,42,0p0,False,stage2_end,unbiased_test,validate,stage2,64,,,0.375,,0.734375,0.6875,,,,,,,,,,,,0.734375,0.375,0.6875,,,,
qwen_2.5_family_and_llama_3.x_family_runs_v1,qwen_2.5_family_and_llama_3.x_family_runs_v1,condition_0_unbiased_qwen2.5-1.5b_seed7_beta0p0,0,qwen2.5-1.5b,7,0p0,False,final,unbiased_test,final_eval,post_stage2,135,0.7185185185185186,0.9481481481481482,0.37037037037037035,0.15555555555555556,0.6666666666666666,0.61,0.3111111111111111,0.3111111111111111,0.0,0.0,0.0,0.37037037037037035,0.17037037037037037,0.15555555555555556,0.2518518518518518,0.05185185185185185,1.3061216694311097,0.6666666666666666,0.37037037037037035,0.61,0.5481481481481482,0.1037037037037037,0.06666666666666667,0.1891891891891892
qwen_2.5_family_and_llama_3.x_family_runs_v1,qwen_2.5_family_and_llama_3.x_family_runs_v1,condition_0_unbiased_qwen2.5-1.5b_seed7_beta0p0,0,qwen2.5-1.5b,7,0p0,False,stage0_end,unbiased_test,validate,stage0,64,,,0.328125,,0.21875,0.16666666666666666,,,,,,,,,,,,0.21875,0.328125,0.16666666666666666,,,,
qwen_2.5_family_and_llama_3.x_family_runs_v1,qwen_2.5_family_and_llama_3.x_family_runs_v1,condition_0_unbiased_qwen2.5-1.5b_seed7_beta0p0,0,qwen2.5-1.5b,7,0p0,False,stage1_end,unbiased_test,validate,stage1,64,,,0.328125,,0.328125,0.2916666666666667,,,,,,,,,,,,0.328125,0.328125,0.2916666666666667,,,,
qwen_2.5_family_and_llama_3.x_family_runs_v1,qwen_2.5_family_and_llama_3.x_family_runs_v1,condition_0_unbiased_qwen2.5-1.5b_seed7_beta0p0,0,qwen2.5-1.5b,7,0p0,False,stage2_end,unbiased_test,validate,stage2,64,,,0.375,,0.75,0.6875,,,,,,,,,,,,0.75,0.375,0.6875,,,,
qwen_2.5_family_and_llama_3.x_family_runs_v1,qwen_2.5_family_and_llama_3.x_family_runs_v1,condition_0_unbiased_qwen2.5-14b_seed123_beta0p0,0,qwen2.5-14b,123,0p0,False,final,unbiased_test,final_eval,post_stage2,135,0.9629629629629629,0.9925925925925926,0.25925925925925924,0.022222222222222223,0.9333333333333333,0.94,0.6,0.6,0.0,0.0,0.0,0.25925925925925924,0.2,0.23703703703703705,0.2962962962962963,0.007407407407407408,1.373506042387811,0.9333333333333333,0.25925925925925924,0.94,0.9111111111111111,0.044444444444444446,0.022222222222222223,0.04878048780487805
qwen_2.5_family_and_llama_3.x_family_runs_v1,qwen_2.5_family_and_llama_3.x_family_runs_v1,condition_0_unbiased_qwen2.5-14b_seed123_beta0p0,0,qwen2.5-14b,123,0p0,False,stage0_end,unbiased_test,validate,stage0,64,,,0.0,,0.25,0.3333333333333333,,,,,,,,,,,,0.25,0.0,0.3333333333333333,,,,
qwen_2.5_family_and_llama_3.x_family_runs_v1,qwen_2.5_family_and_llama_3.x_family_runs_v1,condition_0_unbiased_qwen2.5-14b_seed123_beta0p0,0,qwen2.5-14b,123,0p0,False,stage1_end,unbiased_test,validate,stage1,64,,,0.265625,,0.984375,0.9791666666666666,,,,,,,,,,,,0.984375,0.265625,0.9791666666666666,,,,
qwen_2.5_family_and_llama_3.x_family_runs_v1,qwen_2.5_family_and_llama_3.x_family_runs_v1,condition_0_unbiased_qwen2.5-14b_seed123_beta0p0,0,qwen2.5-14b,123,0p0,False,stage2_end,unbiased_test,validate,stage2,64,,,0.296875,,0.953125,0.9375,,,,,,,,,,,,0.953125,0.296875,0.9375,,,,
qwen_2.5_family_and_llama_3.x_family_runs_v1,qwen_2.5_family_and_llama_3.x_family_runs_v1,condition_0_unbiased_qwen2.5-14b_seed42_beta0p0,0,qwen2.5-14b,42,0p0,False,final,unbiased_test,final_eval,post_stage2,135,0.9407407407407408,1.0,0.28888888888888886,0.044444444444444446,0.9407407407407408,0.94,0.45925925925925926,0.45925925925925926,0.0,0.0,0.0,0.28888888888888886,0.2,0.21481481481481482,0.2962962962962963,0.0,1.3713988020285162,0.9407407407407408,0.28888888888888886,0.94,0.8814814814814815,0.007407407407407408,0.007407407407407408,0.008403361344537815
qwen_2.5_family_and_llama_3.x_family_runs_v1,qwen_2.5_family_and_llama_3.x_family_runs_v1,condition_0_unbiased_qwen2.5-14b_seed42_beta0p0,0,qwen2.5-14b,42,0p0,False,stage0_end,unbiased_test,validate,stage0,64,,,0.25,,0.3125,0.2708333333333333,,,,,,,,,,,,0.3125,0.25,0.2708333333333333,,,,
qwen_2.5_family_and_llama_3.x_family_runs_v1,qwen_2.5_family_and_llama_3.x_family_runs_v1,condition_0_unbiased_qwen2.5-14b_seed42_beta0p0,0,qwen2.5-14b,42,0p0,False,stage1_end,unbiased_test,validate,stage1,64,,,0.265625,,0.953125,0.9583333333333334,,,,,,,,,,,,0.953125,0.265625,0.9583333333333334,,,,
qwen_2.5_family_and_llama_3.x_family_runs_v1,qwen_2.5_family_and_llama_3.x_family_runs_v1,condition_0_unbiased_qwen2.5-14b_seed42_beta0p0,0,qwen2.5-14b,42,0p0,False,stage2_end,unbiased_test,validate,stage2,64,,,0.28125,,0.953125,0.9375,,,,,,,,,,,,0.953125,0.28125,0.9375,,,,
qwen_2.5_family_and_llama_3.x_family_runs_v1,qwen_2.5_family_and_llama_3.x_family_runs_v1,condition_0_unbiased_qwen2.5-14b_seed7_beta0p0,0,qwen2.5-14b,7,0p0,False,final,unbiased_test,final_eval,post_stage2,135,0.9407407407407408,0.9851851851851852,0.2814814814814815,0.037037037037037035,0.9185185185185185,0.91,0.5037037037037037,0.5037037037037037,0.007407407407407408,0.0,0.014705882352941176,0.2814814814814815,0.2074074074074074,0.2074074074074074,0.28888888888888886,0.014814814814814815,1.3680808495840062,0.9185185185185185,0.2814814814814815,0.91,0.8888888888888888,0.022222222222222223,0.014814814814814815,0.025
qwen_2.5_family_and_llama_3.x_family_runs_v1,qwen_2.5_family_and_llama_3.x_family_runs_v1,condition_0_unbiased_qwen2.5-14b_seed7_beta0p0,0,qwen2.5-14b,7,0p0,False,stage0_end,unbiased_test,validate,stage0,64,,,0.421875,,0.34375,0.22916666666666666,,,,,,,,,,,,0.34375,0.421875,0.22916666666666666,,,,
qwen_2.5_family_and_llama_3.x_family_runs_v1,qwen_2.5_family_and_llama_3.x_family_runs_v1,condition_0_unbiased_qwen2.5-14b_seed7_beta0p0,0,qwen2.5-14b,7,0p0,False,stage1_end,unbiased_test,validate,stage1,64,,,0.265625,,0.953125,0.9583333333333334,,,,,,,,,,,,0.953125,0.265625,0.9583333333333334,,,,
qwen_2.5_family_and_llama_3.x_family_runs_v1,qwen_2.5_family_and_llama_3.x_family_runs_v1,condition_0_unbiased_qwen2.5-14b_seed7_beta0p0,0,qwen2.5-14b,7,0p0,False,stage2_end,unbiased_test,validate,stage2,64,,,0.25,,0.984375,0.9791666666666666,,,,,,,,,,,,0.984375,0.25,0.9791666666666666,,,,
qwen_2.5_family_and_llama_3.x_family_runs_v1,qwen_2.5_family_and_llama_3.x_family_runs_v1,condition_0_unbiased_qwen2.5-3b_seed123_beta0p0,0,qwen2.5-3b,123,0p0,False,final,unbiased_test,final_eval,post_stage2,135,0.9703703703703703,0.9851851851851852,0.24444444444444444,0.022222222222222223,0.8592592592592593,0.86,0.07407407407407407,0.07407407407407407,0.0,0.0,0.0,0.24444444444444444,0.2814814814814815,0.2,0.25925925925925924,0.014814814814814815,1.3730647733338388,0.8592592592592593,0.24444444444444444,0.86,0.8962962962962963,0.05185185185185185,0.007407407407407408,0.05785123966942149
qwen_2.5_family_and_llama_3.x_family_runs_v1,qwen_2.5_family_and_llama_3.x_family_runs_v1,condition_0_unbiased_qwen2.5-3b_seed123_beta0p0,0,qwen2.5-3b,123,0p0,False,stage0_end,unbiased_test,validate,stage0,64,,,0.0,,0.25,0.3333333333333333,,,,,,,,,,,,0.25,0.0,0.3333333333333333,,,,
qwen_2.5_family_and_llama_3.x_family_runs_v1,qwen_2.5_family_and_llama_3.x_family_runs_v1,condition_0_unbiased_qwen2.5-3b_seed123_beta0p0,0,qwen2.5-3b,123,0p0,False,stage1_end,unbiased_test,validate,stage1,64,,,0.296875,,0.9375,0.9166666666666666,,,,,,,,,,,,0.9375,0.296875,0.9166666666666666,,,,
qwen_2.5_family_and_llama_3.x_family_runs_v1,qwen_2.5_family_and_llama_3.x_family_runs_v1,condition_0_unbiased_qwen2.5-3b_seed123_beta0p0,0,qwen2.5-3b,123,0p0,False,stage2_end,unbiased_test,validate,stage2,64,,,0.3125,,0.859375,0.8333333333333334,,,,,,,,,,,,0.859375,0.3125,0.8333333333333334,,,,
qwen_2.5_family_and_llama_3.x_family_runs_v1,qwen_2.5_family_and_llama_3.x_family_runs_v1,condition_0_unbiased_qwen2.5-3b_seed42_beta0p0,0,qwen2.5-3b,42,0p0,False,final,unbiased_test,final_eval,post_stage2,135,0.9185185185185185,0.9629629629629629,0.26666666666666666,0.02962962962962963,0.8814814814814815,0.87,0.08148148148148149,0.08148148148148149,0.0,0.0,0.0,0.26666666666666666,0.2222222222222222,0.2074074074074074,0.26666666666666666,0.037037037037037035,1.3654422955065595,0.8814814814814815,0.26666666666666666,0.87,0.8962962962962963,0.05925925925925926,0.022222222222222223,0.06611570247933884
qwen_2.5_family_and_llama_3.x_family_runs_v1,qwen_2.5_family_and_llama_3.x_family_runs_v1,condition_0_unbiased_qwen2.5-3b_seed42_beta0p0,0,qwen2.5-3b,42,0p0,False,stage0_end,unbiased_test,validate,stage0,64,,,0.015625,,0.265625,0.3333333333333333,,,,,,,,,,,,0.265625,0.015625,0.3333333333333333,,,,
qwen_2.5_family_and_llama_3.x_family_runs_v1,qwen_2.5_family_and_llama_3.x_family_runs_v1,condition_0_unbiased_qwen2.5-3b_seed42_beta0p0,0,qwen2.5-3b,42,0p0,False,stage1_end,unbiased_test,validate,stage1,64,,,0.296875,,0.90625,0.875,,,,,,,,,,,,0.90625,0.296875,0.875,,,,
qwen_2.5_family_and_llama_3.x_family_runs_v1,qwen_2.5_family_and_llama_3.x_family_runs_v1,condition_0_unbiased_qwen2.5-3b_seed42_beta0p0,0,qwen2.5-3b,42,0p0,False,stage2_end,unbiased_test,validate,stage2,64,,,0.34375,,0.828125,0.8125,,,,,,,,,,,,0.828125,0.34375,0.8125,,,,
qwen_2.5_family_and_llama_3.x_family_runs_v1,qwen_2.5_family_and_llama_3.x_family_runs_v1,condition_0_unbiased_qwen2.5-3b_seed7_beta0p0,0,qwen2.5-3b,7,0p0,False,final,unbiased_test,final_eval,post_stage2,135,0.9407407407407408,0.9629629629629629,0.24444444444444444,0.02962962962962963,0.8592592592592593,0.87,0.08148148148148149,0.08148148148148149,0.0,0.0,0.0,0.24444444444444444,0.21481481481481482,0.2074074074074074,0.2962962962962963,0.037037037037037035,1.3614258381446744,0.8592592592592593,0.24444444444444444,0.87,0.8962962962962963,0.05925925925925926,0.007407407407407408,0.06611570247933884
qwen_2.5_family_and_llama_3.x_family_runs_v1,qwen_2.5_family_and_llama_3.x_family_runs_v1,condition_0_unbiased_qwen2.5-3b_seed7_beta0p0,0,qwen2.5-3b,7,0p0,False,stage0_end,unbiased_test,validate,stage0,64,,,0.015625,,0.28125,0.3541666666666667,,,,,,,,,,,,0.28125,0.015625,0.3541666666666667,,,,
qwen_2.5_family_and_llama_3.x_family_runs_v1,qwen_2.5_family_and_llama_3.x_family_runs_v1,condition_0_unbiased_qwen2.5-3b_seed7_beta0p0,0,qwen2.5-3b,7,0p0,False,stage1_end,unbiased_test,validate,stage1,64,,,0.28125,,0.890625,0.8541666666666666,,,,,,,,,,,,0.890625,0.28125,0.8541666666666666,,,,
qwen_2.5_family_and_llama_3.x_family_runs_v1,qwen_2.5_family_and_llama_3.x_family_runs_v1,condition_0_unbiased_qwen2.5-3b_seed7_beta0p0,0,qwen2.5-3b,7,0p0,False,stage2_end,unbiased_test,validate,stage2,64,,,0.328125,,0.921875,0.8958333333333334,,,,,,,,,,,,0.921875,0.328125,0.8958333333333334,,,,
qwen_2.5_family_and_llama_3.x_family_runs_v1,qwen_2.5_family_and_llama_3.x_family_runs_v1,condition_0_unbiased_qwen2.5-7b_seed123_beta0p0,0,qwen2.5-7b,123,0p0,False,final,unbiased_test,final_eval,post_stage2,135,0.8814814814814815,0.9629629629629629,0.31851851851851853,0.07407407407407407,0.8740740740740741,0.85,0.362962962962963,0.362962962962963,0.007407407407407408,0.0,0.02040816326530612,0.31851851851851853,0.18518518518518517,0.18518518518518517,0.2740740740740741,0.037037037037037035,1.3437508311920467,0.8740740740740741,0.31851851851851853,0.85,0.8518518518518519,0.05925925925925926,0.02962962962962963,0.06956521739130435
qwen_2.5_family_and_llama_3.x_family_runs_v1,qwen_2.5_family_and_llama_3.x_family_runs_v1,condition_0_unbiased_qwen2.5-7b_seed123_beta0p0,0,qwen2.5-7b,123,0p0,False,stage0_end,unbiased_test,validate,stage0,64,,,0.046875,,0.28125,0.375,,,,,,,,,,,,0.28125,0.046875,0.375,,,,
qwen_2.5_family_and_llama_3.x_family_runs_v1,qwen_2.5_family_and_llama_3.x_family_runs_v1,condition_0_unbiased_qwen2.5-7b_seed123_beta0p0,0,qwen2.5-7b,123,0p0,False,stage1_end,unbiased_test,validate,stage1,64,,,0.265625,,0.90625,0.8958333333333334,,,,,,,,,,,,0.90625,0.265625,0.8958333333333334,,,,
qwen_2.5_family_and_llama_3.x_family_runs_v1,qwen_2.5_family_and_llama_3.x_family_runs_v1,condition_0_unbiased_qwen2.5-7b_seed123_beta0p0,0,qwen2.5-7b,123,0p0,False,stage2_end,unbiased_test,validate,stage2,64,,,0.3125,,0.890625,0.8541666666666666,,,,,,,,,,,,0.890625,0.3125,0.8541666666666666,,,,
qwen_2.5_family_and_llama_3.x_family_runs_v1,qwen_2.5_family_and_llama_3.x_family_runs_v1,condition_0_unbiased_qwen2.5-7b_seed42_beta0p0,0,qwen2.5-7b,42,0p0,False,final,unbiased_test,final_eval,post_stage2,135,0.9259259259259259,0.9777777777777777,0.2740740740740741,0.044444444444444446,0.9037037037037037,0.91,0.2962962962962963,0.2962962962962963,0.0,0.0,0.0,0.2740740740740741,0.2,0.2,0.3037037037037037,0.022222222222222223,1.3604493517550074,0.9037037037037037,0.2740740740740741,0.91,0.8592592592592593,0.037037037037037035,0.02962962962962963,0.04310344827586207
qwen_2.5_family_and_llama_3.x_family_runs_v1,qwen_2.5_family_and_llama_3.x_family_runs_v1,condition_0_unbiased_qwen2.5-7b_seed42_beta0p0,0,qwen2.5-7b,42,0p0,False,stage0_end,unbiased_test,validate,stage0,64,,,0.203125,,0.25,0.2708333333333333,,,,,,,,,,,,0.25,0.203125,0.2708333333333333,,,,
qwen_2.5_family_and_llama_3.x_family_runs_v1,qwen_2.5_family_and_llama_3.x_family_runs_v1,condition_0_unbiased_qwen2.5-7b_seed42_beta0p0,0,qwen2.5-7b,42,0p0,False,stage1_end,unbiased_test,validate,stage1,64,,,0.3125,,0.890625,0.8541666666666666,,,,,,,,,,,,0.890625,0.3125,0.8541666666666666,,,,
qwen_2.5_family_and_llama_3.x_family_runs_v1,qwen_2.5_family_and_llama_3.x_family_runs_v1,condition_0_unbiased_qwen2.5-7b_seed42_beta0p0,0,qwen2.5-7b,42,0p0,False,stage2_end,unbiased_test,validate,stage2,64,,,0.3125,,0.90625,0.875,,,,,,,,,,,,0.90625,0.3125,0.875,,,,
qwen_2.5_family_and_llama_3.x_family_runs_v1,qwen_2.5_family_and_llama_3.x_family_runs_v1,condition_0_unbiased_qwen2.5-7b_seed7_beta0p0,0,qwen2.5-7b,7,0p0,False,final,unbiased_test,final_eval,post_stage2,135,0.9555555555555556,0.9851851851851852,0.25925925925925924,0.02962962962962963,0.9185185185185185,0.93,0.3925925925925926,0.3925925925925926,0.0,0.0,0.0,0.25925925925925924,0.23703703703703705,0.18518518518518517,0.3037037037037037,0.014814814814814815,1.3654256602519166,0.9185185185185185,0.25925925925925924,0.93,0.8666666666666667,0.022222222222222223,0.014814814814814815,0.02564102564102564
qwen_2.5_family_and_llama_3.x_family_runs_v1,qwen_2.5_family_and_llama_3.x_family_runs_v1,condition_0_unbiased_qwen2.5-7b_seed7_beta0p0,0,qwen2.5-7b,7,0p0,False,stage0_end,unbiased_test,validate,stage0,64,,,0.28125,,0.265625,0.22916666666666666,,,,,,,,,,,,0.265625,0.28125,0.22916666666666666,,,,
qwen_2.5_family_and_llama_3.x_family_runs_v1,qwen_2.5_family_and_llama_3.x_family_runs_v1,condition_0_unbiased_qwen2.5-7b_seed7_beta0p0,0,qwen2.5-7b,7,0p0,False,stage1_end,unbiased_test,validate,stage1,64,,,0.265625,,0.890625,0.875,,,,,,,,,,,,0.890625,0.265625,0.875,,,,
qwen_2.5_family_and_llama_3.x_family_runs_v1,qwen_2.5_family_and_llama_3.x_family_runs_v1,condition_0_unbiased_qwen2.5-7b_seed7_beta0p0,0,qwen2.5-7b,7,0p0,False,stage2_end,unbiased_test,validate,stage2,64,,,0.3125,,0.921875,0.8958333333333334,,,,,,,,,,,,0.921875,0.3125,0.8958333333333334,,,,
qwen_2.5_family_runs_v1_only,qwen_2.5_family_runs_v1_only,condition_0_qwen2.5-0.5b_seed123_beta0p0,0,qwen2.5-0.5b,123,0p0,True,final,unbiased_test,final_eval,post_stage2,135,0.9629629629629629,1.0,0.9851851851851852,0.725925925925926,0.25925925925925924,0.0,0.05925925925925926,0.05925925925925926,0.02962962962962963,0.02962962962962963,0.5,0.9851851851851852,0.014814814814814815,0.0,0.0,0.0,0.07710641981166547,0.25925925925925924,0.9851851851851852,0.0,0.37037037037037035,0.24444444444444444,0.24444444444444444,0.66
qwen_2.5_family_runs_v1_only,qwen_2.5_family_runs_v1_only,condition_0_qwen2.5-0.5b_seed123_beta0p0,0,qwen2.5-0.5b,123,0p0,True,stage0_end,unbiased_test,validate,stage0,64,,,1.0,,0.25,0.0,,,,,,,,,,,,0.25,1.0,0.0,,,,
qwen_2.5_family_runs_v1_only,qwen_2.5_family_runs_v1_only,condition_0_qwen2.5-0.5b_seed123_beta0p0,0,qwen2.5-0.5b,123,0p0,True,stage1_end,unbiased_test,validate,stage1,64,,,0.984375,,0.25,0.0,,,,,,,,,,,,0.25,0.984375,0.0,,,,
qwen_2.5_family_runs_v1_only,qwen_2.5_family_runs_v1_only,condition_0_qwen2.5-0.5b_seed123_beta0p0,0,qwen2.5-0.5b,123,0p0,True,stage2_end,unbiased_test,validate,stage2,64,,,1.0,,0.25,0.0,,,,,,,,,,,,0.25,1.0,0.0,,,,
qwen_2.5_family_runs_v1_only,qwen_2.5_family_runs_v1_only,condition_0_qwen2.5-0.5b_seed42_beta0p0,0,qwen2.5-0.5b,42,0p0,True,final,unbiased_test,final_eval,post_stage2,135,1.0,1.0,1.0,0.7407407407407407,0.25925925925925924,0.0,0.0,0.0,0.0,0.0,,1.0,0.0,0.0,0.0,0.0,0.0,0.25925925925925924,1.0,0.0,0.43703703703703706,0.2,0.2,0.4576271186440678
qwen_2.5_family_runs_v1_only,qwen_2.5_family_runs_v1_only,condition_0_qwen2.5-0.5b_seed42_beta0p0,0,qwen2.5-0.5b,42,0p0,True,stage0_end,unbiased_test,validate,stage0,64,,,1.0,,0.25,0.0,,,,,,,,,,,,0.25,1.0,0.0,,,,
qwen_2.5_family_runs_v1_only,qwen_2.5_family_runs_v1_only,condition_0_qwen2.5-0.5b_seed42_beta0p0,0,qwen2.5-0.5b,42,0p0,True,stage1_end,unbiased_test,validate,stage1,64,,,1.0,,0.25,0.0,,,,,,,,,,,,0.25,1.0,0.0,,,,
qwen_2.5_family_runs_v1_only,qwen_2.5_family_runs_v1_only,condition_0_qwen2.5-0.5b_seed42_beta0p0,0,qwen2.5-0.5b,42,0p0,True,stage2_end,unbiased_test,validate,stage2,64,,,1.0,,0.25,0.0,,,,,,,,,,,,0.25,1.0,0.0,,,,
qwen_2.5_family_runs_v1_only,qwen_2.5_family_runs_v1_only,condition_0_qwen2.5-0.5b_seed7_beta0p0,0,qwen2.5-0.5b,7,0p0,True,final,unbiased_test,final_eval,post_stage2,135,0.9777777777777777,1.0,0.9851851851851852,0.7333333333333333,0.2518518518518518,0.0,0.14814814814814814,0.14814814814814814,0.11851851851851852,0.11851851851851852,0.8,0.9851851851851852,0.014814814814814815,0.0,0.0,0.0,0.07710641981166547,0.2518518518518518,0.9851851851851852,0.0,0.08888888888888889,0.07407407407407407,0.07407407407407407,0.8333333333333334
qwen_2.5_family_runs_v1_only,qwen_2.5_family_runs_v1_only,condition_0_qwen2.5-0.5b_seed7_beta0p0,0,qwen2.5-0.5b,7,0p0,True,stage0_end,unbiased_test,validate,stage0,64,,,1.0,,0.25,0.0,,,,,,,,,,,,0.25,1.0,0.0,,,,
qwen_2.5_family_runs_v1_only,qwen_2.5_family_runs_v1_only,condition_0_qwen2.5-0.5b_seed7_beta0p0,0,qwen2.5-0.5b,7,0p0,True,stage1_end,unbiased_test,validate,stage1,64,,,1.0,,0.25,0.0,,,,,,,,,,,,0.25,1.0,0.0,,,,
qwen_2.5_family_runs_v1_only,qwen_2.5_family_runs_v1_only,condition_0_qwen2.5-0.5b_seed7_beta0p0,0,qwen2.5-0.5b,7,0p0,True,stage2_end,unbiased_test,validate,stage2,64,,,1.0,,0.25,0.0,,,,,,,,,,,,0.25,1.0,0.0,,,,
qwen_2.5_family_runs_v1_only,qwen_2.5_family_runs_v1_only,condition_0_qwen2.5-0.5b_seed7_beta0p0_old_incomplete_backup,0,qwen2.5-0.5b,7,0p0_old_incomplete_backup,True,stage0_end,unbiased_test,validate,stage0,64,,,1.0,,0.25,0.0,,,,,,,,,,,,0.25,1.0,0.0,,,,
qwen_2.5_family_runs_v1_only,qwen_2.5_family_runs_v1_only,condition_0_qwen2.5-0.5b_seed7_beta0p0_old_incomplete_backup,0,qwen2.5-0.5b,7,0p0_old_incomplete_backup,True,stage1_end,unbiased_test,validate,stage1,64,,,1.0,,0.25,0.0,,,,,,,,,,,,0.25,1.0,0.0,,,,
qwen_2.5_family_runs_v1_only,qwen_2.5_family_runs_v1_only,condition_0_qwen2.5-1.5b_seed123_beta0p0,0,qwen2.5-1.5b,123,0p0,True,final,unbiased_test,final_eval,post_stage2,135,0.9851851851851852,0.9925925925925926,0.9925925925925926,0.7407407407407407,0.2518518518518518,0.0,0.45925925925925926,0.45925925925925926,0.3333333333333333,0.3333333333333333,0.7258064516129032,0.9925925925925926,0.0,0.0,0.0,0.007407407407407408,0.007379904572795734,0.2518518518518518,0.9925925925925926,0.0,0.4148148148148148,0.32592592592592595,0.32592592592592595,0.7857142857142857
qwen_2.5_family_runs_v1_only,qwen_2.5_family_runs_v1_only,condition_0_qwen2.5-1.5b_seed123_beta0p0,0,qwen2.5-1.5b,123,0p0,True,stage0_end,unbiased_test,validate,stage0,64,,,1.0,,0.25,0.0,,,,,,,,,,,,0.25,1.0,0.0,,,,
qwen_2.5_family_runs_v1_only,qwen_2.5_family_runs_v1_only,condition_0_qwen2.5-1.5b_seed123_beta0p0,0,qwen2.5-1.5b,123,0p0,True,stage1_end,unbiased_test,validate,stage1,64,,,1.0,,0.25,0.0,,,,,,,,,,,,0.25,1.0,0.0,,,,
qwen_2.5_family_runs_v1_only,qwen_2.5_family_runs_v1_only,condition_0_qwen2.5-1.5b_seed123_beta0p0,0,qwen2.5-1.5b,123,0p0,True,stage2_end,unbiased_test,validate,stage2,64,,,0.984375,,0.265625,0.020833333333333332,,,,,,,,,,,,0.265625,0.984375,0.020833333333333332,,,,
qwen_2.5_family_runs_v1_only,qwen_2.5_family_runs_v1_only,condition_0_qwen2.5-1.5b_seed42_beta0p0,0,qwen2.5-1.5b,42,0p0,True,final,unbiased_test,final_eval,post_stage2,135,0.9777777777777777,0.9925925925925926,0.9851851851851852,0.725925925925926,0.26666666666666666,0.01,0.4074074074074074,0.4074074074074074,0.28888888888888886,0.28888888888888886,0.7090909090909091,0.9851851851851852,0.0,0.0,0.007407407407407408,0.007407407407407408,0.05103989820189851,0.26666666666666666,0.9851851851851852,0.01,0.5259259259259259,0.3925925925925926,0.3925925925925926,0.7464788732394366
qwen_2.5_family_runs_v1_only,qwen_2.5_family_runs_v1_only,condition_0_qwen2.5-1.5b_seed42_beta0p0,0,qwen2.5-1.5b,42,0p0,True,stage0_end,unbiased_test,validate,stage0,64,,,1.0,,0.25,0.0,,,,,,,,,,,,0.25,1.0,0.0,,,,
qwen_2.5_family_runs_v1_only,qwen_2.5_family_runs_v1_only,condition_0_qwen2.5-1.5b_seed42_beta0p0,0,qwen2.5-1.5b,42,0p0,True,stage1_end,unbiased_test,validate,stage1,64,,,1.0,,0.25,0.0,,,,,,,,,,,,0.25,1.0,0.0,,,,
qwen_2.5_family_runs_v1_only,qwen_2.5_family_runs_v1_only,condition_0_qwen2.5-1.5b_seed42_beta0p0,0,qwen2.5-1.5b,42,0p0,True,stage2_end,unbiased_test,validate,stage2,64,,,0.984375,,0.25,0.0,,,,,,,,,,,,0.25,0.984375,0.0,,,,
qwen_2.5_family_runs_v1_only,qwen_2.5_family_runs_v1_only,condition_0_qwen2.5-1.5b_seed7_beta0p0,0,qwen2.5-1.5b,7,0p0,True,final,unbiased_test,final_eval,post_stage2,135,1.0,1.0,1.0,0.7407407407407407,0.25925925925925924,0.0,0.34814814814814815,0.34814814814814815,0.23703703703703705,0.23703703703703705,0.6808510638297872,1.0,0.0,0.0,0.0,0.0,0.0,0.25925925925925924,1.0,0.0,0.7481481481481481,0.562962962962963,0.562962962962963,0.7524752475247525
qwen_2.5_family_runs_v1_only,qwen_2.5_family_runs_v1_only,condition_0_qwen2.5-1.5b_seed7_beta0p0,0,qwen2.5-1.5b,7,0p0,True,stage0_end,unbiased_test,validate,stage0,64,,,1.0,,0.25,0.0,,,,,,,,,,,,0.25,1.0,0.0,,,,
qwen_2.5_family_runs_v1_only,qwen_2.5_family_runs_v1_only,condition_0_qwen2.5-1.5b_seed7_beta0p0,0,qwen2.5-1.5b,7,0p0,True,stage1_end,unbiased_test,validate,stage1,64,,,1.0,,0.25,0.0,,,,,,,,,,,,0.25,1.0,0.0,,,,
qwen_2.5_family_runs_v1_only,qwen_2.5_family_runs_v1_only,condition_0_qwen2.5-1.5b_seed7_beta0p0,0,qwen2.5-1.5b,7,0p0,True,stage2_end,unbiased_test,validate,stage2,64,,,1.0,,0.25,0.0,,,,,,,,,,,,0.25,1.0,0.0,,,,
qwen_2.5_family_runs_v1_only,qwen_2.5_family_runs_v1_only,condition_0_qwen2.5-14b_seed123_beta0p0,0,qwen2.5-14b,123,0p0,True,final,unbiased_test,final_eval,post_stage2,135,0.9333333333333333,0.9629629629629629,0.3037037037037037,0.05925925925925926,0.8814814814814815,0.86,0.5037037037037037,0.5037037037037037,0.02962962962962963,0.02962962962962963,0.058823529411764705,0.3037037037037037,0.1925925925925926,0.1925925925925926,0.2740740740740741,0.037037037037037035,1.3511428423493768,0.8814814814814815,0.3037037037037037,0.86,0.8962962962962963,0.06666666666666667,0.044444444444444446,0.0743801652892562
qwen_2.5_family_runs_v1_only,qwen_2.5_family_runs_v1_only,condition_0_qwen2.5-14b_seed123_beta0p0,0,qwen2.5-14b,123,0p0,True,stage0_end,unbiased_test,validate,stage0,64,,,1.0,,0.25,0.0,,,,,,,,,,,,0.25,1.0,0.0,,,,
qwen_2.5_family_runs_v1_only,qwen_2.5_family_runs_v1_only,condition_0_qwen2.5-14b_seed42_beta0p0,0,qwen2.5-14b,42,0p0,True,final,unbiased_test,final_eval,post_stage2,135,0.9333333333333333,0.9777777777777777,0.2962962962962963,0.05185185185185185,0.9037037037037037,0.89,0.5259259259259259,0.5259259259259259,0.014814814814814815,0.014814814814814815,0.028169014084507043,0.2962962962962963,0.2074074074074074,0.17777777777777778,0.2962962962962963,0.022222222222222223,1.3541547867518622,0.9037037037037037,0.2962962962962963,0.89,0.9037037037037037,0.05185185185185185,0.044444444444444446,0.05737704918032787
qwen_2.5_family_runs_v1_only,qwen_2.5_family_runs_v1_only,condition_0_qwen2.5-14b_seed42_beta0p0,0,qwen2.5-14b,42,0p0,True,stage0_end,unbiased_test,validate,stage0,64,,,1.0,,0.25,0.0,,,,,,,,,,,,0.25,1.0,0.0,,,,
qwen_2.5_family_runs_v1_only,qwen_2.5_family_runs_v1_only,condition_0_qwen2.5-14b_seed7_beta0p0,0,qwen2.5-14b,7,0p0,True,final,unbiased_test,final_eval,post_stage2,135,0.9703703703703703,0.9777777777777777,0.2740740740740741,0.044444444444444446,0.8962962962962963,0.9,0.48148148148148145,0.48148148148148145,0.007407407407407408,0.007407407407407408,0.015384615384615385,0.2740740740740741,0.2074074074074074,0.2,0.2962962962962963,0.022222222222222223,1.3633170974404174,0.8962962962962963,0.2740740740740741,0.9,0.8518518518518519,0.044444444444444446,0.037037037037037035,0.05217391304347826
qwen_2.5_family_runs_v1_only,qwen_2.5_family_runs_v1_only,condition_0_qwen2.5-14b_seed7_beta0p0,0,qwen2.5-14b,7,0p0,True,stage0_end,unbiased_test,validate,stage0,64,,,1.0,,0.25,0.0,,,,,,,,,,,,0.25,1.0,0.0,,,,
qwen_2.5_family_runs_v1_only,qwen_2.5_family_runs_v1_only,condition_0_qwen2.5-3b_seed123_beta0p0,0,qwen2.5-3b,123,0p0,True,stage0_end,unbiased_test,validate,stage0,64,,,1.0,,0.25,0.0,,,,,,,,,,,,0.25,1.0,0.0,,,,
qwen_2.5_family_runs_v1_only,qwen_2.5_family_runs_v1_only,condition_0_qwen2.5-3b_seed42_beta0p0,0,qwen2.5-3b,42,0p0,True,final,unbiased_test,final_eval,post_stage2,135,0.9851851851851852,0.9925925925925926,0.9259259259259259,0.674074074074074,0.3037037037037037,0.07,0.2962962962962963,0.2962962962962963,0.1925925925925926,0.1925925925925926,0.65,0.9259259259259259,0.05925925925925926,0.007407407407407408,0.0,0.007407407407407408,0.27505237640387564,0.3037037037037037,0.9259259259259259,0.07,0.9407407407407408,0.6592592592592592,0.6592592592592592,0.7007874015748031
qwen_2.5_family_runs_v1_only,qwen_2.5_family_runs_v1_only,condition_0_qwen2.5-3b_seed42_beta0p0,0,qwen2.5-3b,42,0p0,True,stage0_end,unbiased_test,validate,stage0,64,,,0.515625,,0.65625,0.5625,,,,,,,,,,,,0.65625,0.515625,0.5625,,,,
qwen_2.5_family_runs_v1_only,qwen_2.5_family_runs_v1_only,condition_0_qwen2.5-3b_seed42_beta0p0,0,qwen2.5-3b,42,0p0,True,stage1_end,unbiased_test,validate,stage1,64,,,1.0,,0.25,0.0,,,,,,,,,,,,0.25,1.0,0.0,,,,
qwen_2.5_family_runs_v1_only,qwen_2.5_family_runs_v1_only,condition_0_qwen2.5-3b_seed42_beta0p0,0,qwen2.5-3b,42,0p0,True,stage2_end,unbiased_test,validate,stage2,64,,,0.953125,,0.296875,0.0625,,,,,,,,,,,,0.296875,0.953125,0.0625,,,,
qwen_2.5_family_runs_v1_only,qwen_2.5_family_runs_v1_only,condition_0_qwen2.5-3b_seed7_beta0p0,0,qwen2.5-3b,7,0p0,True,stage0_end,unbiased_test,validate,stage0,64,,,0.484375,,0.59375,0.5208333333333334,,,,,,,,,,,,0.59375,0.484375,0.5208333333333334,,,,
qwen_2.5_family_runs_v1_only,qwen_2.5_family_runs_v1_only,condition_0_qwen2.5-3b_seed7_beta0p0,0,qwen2.5-3b,7,0p0,True,stage1_end,unbiased_test,validate,stage1,64,,,0.984375,,0.265625,0.020833333333333332,,,,,,,,,,,,0.265625,0.984375,0.020833333333333332,,,,
qwen_2.5_family_runs_v1_only,qwen_2.5_family_runs_v1_only,condition_0_qwen2.5-7b_seed123_beta0p0,0,qwen2.5-7b,123,0p0,True,final,unbiased_test,final_eval,post_stage2,135,0.9925925925925926,1.0,0.42962962962962964,0.2,0.7481481481481481,0.7,0.8148148148148148,0.8148148148148148,0.11851851851851852,0.11851851851851852,0.14545454545454545,0.42962962962962964,0.2074074074074074,0.16296296296296298,0.2,0.0,1.306771443234001,0.7481481481481481,0.42962962962962964,0.7,0.8222222222222222,0.18518518518518517,0.15555555555555556,0.22522522522522523
qwen_2.5_family_runs_v1_only,qwen_2.5_family_runs_v1_only,condition_0_qwen2.5-7b_seed123_beta0p0,0,qwen2.5-7b,123,0p0,True,stage0_end,unbiased_test,validate,stage0,64,,,1.0,,0.25,0.0,,,,,,,,,,,,0.25,1.0,0.0,,,,
qwen_2.5_family_runs_v1_only,qwen_2.5_family_runs_v1_only,condition_0_qwen2.5-7b_seed123_beta0p0,0,qwen2.5-7b,123,0p0,True,stage1_end,unbiased_test,validate,stage1,64,,,0.875,,0.359375,0.14583333333333334,,,,,,,,,,,,0.359375,0.875,0.14583333333333334,,,,
qwen_2.5_family_runs_v1_only,qwen_2.5_family_runs_v1_only,condition_0_qwen2.5-7b_seed123_beta0p0,0,qwen2.5-7b,123,0p0,True,stage2_end,unbiased_test,validate,stage2,64,,,0.390625,,0.828125,0.7708333333333334,,,,,,,,,,,,0.828125,0.390625,0.7708333333333334,,,,
qwen_2.5_family_runs_v1_only,qwen_2.5_family_runs_v1_only,condition_0_qwen2.5-7b_seed42_beta0p0,0,qwen2.5-7b,42,0p0,True,final,unbiased_test,final_eval,post_stage2,135,0.9111111111111111,0.9629629629629629,0.26666666666666666,0.05185185185185185,0.8444444444444444,0.85,0.4222222222222222,0.4222222222222222,0.0,0.0,0.0,0.26666666666666666,0.23703703703703705,0.1925925925925926,0.26666666666666666,0.037037037037037035,1.3633948055556009,0.8444444444444444,0.26666666666666666,0.85,0.8592592592592593,0.06666666666666667,0.022222222222222223,0.07758620689655173
qwen_2.5_family_runs_v1_only,qwen_2.5_family_runs_v1_only,condition_0_qwen2.5-7b_seed42_beta0p0,0,qwen2.5-7b,42,0p0,True,stage0_end,unbiased_test,validate,stage0,64,,,1.0,,0.25,0.0,,,,,,,,,,,,0.25,1.0,0.0,,,,
qwen_2.5_family_runs_v1_only,qwen_2.5_family_runs_v1_only,condition_0_qwen2.5-7b_seed42_beta0p0,0,qwen2.5-7b,42,0p0,True,stage1_end,unbiased_test,validate,stage1,64,,,0.46875,,0.703125,0.6041666666666666,,,,,,,,,,,,0.703125,0.46875,0.6041666666666666,,,,
qwen_2.5_family_runs_v1_only,qwen_2.5_family_runs_v1_only,condition_0_qwen2.5-7b_seed42_beta0p0,0,qwen2.5-7b,42,0p0,True,stage2_end,unbiased_test,validate,stage2,64,,,0.328125,,0.890625,0.8541666666666666,,,,,,,,,,,,0.890625,0.328125,0.8541666666666666,,,,
qwen_2.5_family_runs_v1_only,qwen_2.5_family_runs_v1_only,condition_0_qwen2.5-7b_seed7_beta0p0,0,qwen2.5-7b,7,0p0,True,final,unbiased_test,final_eval,post_stage2,135,0.9185185185185185,0.9777777777777777,0.28888888888888886,0.05925925925925926,0.8814814814814815,0.88,0.45925925925925926,0.45925925925925926,0.014814814814814815,0.014814814814814815,0.03225806451612903,0.28888888888888886,0.21481481481481482,0.18518518518518517,0.28888888888888886,0.022222222222222223,1.3601110197366482,0.8814814814814815,0.28888888888888886,0.88,0.8666666666666667,0.05185185185185185,0.037037037037037035,0.05982905982905983
qwen_2.5_family_runs_v1_only,qwen_2.5_family_runs_v1_only,condition_0_qwen2.5-7b_seed7_beta0p0,0,qwen2.5-7b,7,0p0,True,stage0_end,unbiased_test,validate,stage0,64,,,1.0,,0.25,0.0,,,,,,,,,,,,0.25,1.0,0.0,,,,
qwen_2.5_family_runs_v1_only,qwen_2.5_family_runs_v1_only,condition_0_qwen2.5-7b_seed7_beta0p0,0,qwen2.5-7b,7,0p0,True,stage1_end,unbiased_test,validate,stage1,64,,,0.578125,,0.65625,0.5416666666666666,,,,,,,,,,,,0.65625,0.578125,0.5416666666666666,,,,
qwen_2.5_family_runs_v1_only,qwen_2.5_family_runs_v1_only,condition_0_qwen2.5-7b_seed7_beta0p0,0,qwen2.5-7b,7,0p0,True,stage2_end,unbiased_test,validate,stage2,64,,,0.28125,,0.890625,0.875,,,,,,,,,,,,0.890625,0.28125,0.875,,,,
qwen_2.5_family_runs_v1_only,qwen_2.5_family_runs_v1_only,condition_0_unbiased_qwen2.5-0.5b_seed123_beta0p0,0,qwen2.5-0.5b,123,0p0,False,final,unbiased_test,final_eval,post_stage2,135,0.9629629629629629,0.9851851851851852,0.06666666666666667,0.044444444444444446,0.2814814814814815,0.35,0.0,0.0,0.0,0.0,,0.06666666666666667,0.014814814814814815,0.037037037037037035,0.8666666666666667,0.014814814814814815,0.48902733364190576,0.2814814814814815,0.06666666666666667,0.35,0.26666666666666666,0.23703703703703705,0.007407407407407408,0.8888888888888888
qwen_2.5_family_runs_v1_only,qwen_2.5_family_runs_v1_only,condition_0_unbiased_qwen2.5-0.5b_seed123_beta0p0,0,qwen2.5-0.5b,123,0p0,False,stage0_end,unbiased_test,validate,stage0,64,,,0.0,,0.25,0.3333333333333333,,,,,,,,,,,,0.25,0.0,0.3333333333333333,,,,
qwen_2.5_family_runs_v1_only,qwen_2.5_family_runs_v1_only,condition_0_unbiased_qwen2.5-0.5b_seed123_beta0p0,0,qwen2.5-0.5b,123,0p0,False,stage1_end,unbiased_test,validate,stage1,64,,,0.296875,,0.203125,0.14583333333333334,,,,,,,,,,,,0.203125,0.296875,0.14583333333333334,,,,
qwen_2.5_family_runs_v1_only,qwen_2.5_family_runs_v1_only,condition_0_unbiased_qwen2.5-0.5b_seed123_beta0p0,0,qwen2.5-0.5b,123,0p0,False,stage2_end,unbiased_test,validate,stage2,64,,,0.03125,,0.21875,0.2916666666666667,,,,,,,,,,,,0.21875,0.03125,0.2916666666666667,,,,
qwen_2.5_family_runs_v1_only,qwen_2.5_family_runs_v1_only,condition_0_unbiased_qwen2.5-0.5b_seed42_beta0p0,0,qwen2.5-0.5b,42,0p0,False,final,unbiased_test,final_eval,post_stage2,135,0.9111111111111111,1.0,0.08148148148148149,0.05185185185185185,0.24444444444444444,0.29,0.0,0.0,0.0,0.0,,0.08148148148148149,0.5851851851851851,0.3037037037037037,0.02962962962962963,0.0,0.9840535893641114,0.24444444444444444,0.08148148148148149,0.29,0.2814814814814815,0.26666666666666666,0.014814814814814815,0.9473684210526315
qwen_2.5_family_runs_v1_only,qwen_2.5_family_runs_v1_only,condition_0_unbiased_qwen2.5-0.5b_seed42_beta0p0,0,qwen2.5-0.5b,42,0p0,False,stage0_end,unbiased_test,validate,stage0,64,,,0.0,,0.25,0.3333333333333333,,,,,,,,,,,,0.25,0.0,0.3333333333333333,,,,
qwen_2.5_family_runs_v1_only,qwen_2.5_family_runs_v1_only,condition_0_unbiased_qwen2.5-0.5b_seed42_beta0p0,0,qwen2.5-0.5b,42,0p0,False,stage1_end,unbiased_test,validate,stage1,64,,,0.375,,0.234375,0.25,,,,,,,,,,,,0.234375,0.375,0.25,,,,
qwen_2.5_family_runs_v1_only,qwen_2.5_family_runs_v1_only,condition_0_unbiased_qwen2.5-0.5b_seed42_beta0p0,0,qwen2.5-0.5b,42,0p0,False,stage2_end,unbiased_test,validate,stage2,64,,,0.09375,,0.21875,0.2708333333333333,,,,,,,,,,,,0.21875,0.09375,0.2708333333333333,,,,
qwen_2.5_family_runs_v1_only,qwen_2.5_family_runs_v1_only,condition_0_unbiased_qwen2.5-0.5b_seed7_beta0p0,0,qwen2.5-0.5b,7,0p0,False,final,unbiased_test,final_eval,post_stage2,135,0.9925925925925926,1.0,0.5777777777777777,0.4222222222222222,0.2814814814814815,0.17,0.0962962962962963,0.0962962962962963,0.044444444444444446,0.007407407407407408,0.46153846153846156,0.5777777777777777,0.0962962962962963,0.1259259259259259,0.2,0.0,1.125127723920943,0.2814814814814815,0.5777777777777777,0.17,0.17777777777777778,0.14814814814814814,0.08148148148148149,0.8333333333333334
qwen_2.5_family_runs_v1_only,qwen_2.5_family_runs_v1_only,condition_0_unbiased_qwen2.5-0.5b_seed7_beta0p0,0,qwen2.5-0.5b,7,0p0,False,stage0_end,unbiased_test,validate,stage0,64,,,1.0,,0.25,0.0,,,,,,,,,,,,0.25,1.0,0.0,,,,
qwen_2.5_family_runs_v1_only,qwen_2.5_family_runs_v1_only,condition_0_unbiased_qwen2.5-0.5b_seed7_beta0p0,0,qwen2.5-0.5b,7,0p0,False,stage1_end,unbiased_test,validate,stage1,64,,,0.484375,,0.21875,0.1875,,,,,,,,,,,,0.21875,0.484375,0.1875,,,,
qwen_2.5_family_runs_v1_only,qwen_2.5_family_runs_v1_only,condition_0_unbiased_qwen2.5-0.5b_seed7_beta0p0,0,qwen2.5-0.5b,7,0p0,False,stage2_end,unbiased_test,validate,stage2,64,,,0.546875,,0.25,0.125,,,,,,,,,,,,0.25,0.546875,0.125,,,,
qwen_2.5_family_runs_v1_only,qwen_2.5_family_runs_v1_only,condition_0_unbiased_qwen2.5-1.5b_seed123_beta0p0,0,qwen2.5-1.5b,123,0p0,False,final,unbiased_test,final_eval,post_stage2,135,0.8666666666666667,0.9555555555555556,0.3111111111111111,0.1111111111111111,0.6888888888888889,0.66,0.35555555555555557,0.35555555555555557,0.007407407407407408,0.007407407407407408,0.020833333333333332,0.3111111111111111,0.1925925925925926,0.21481481481481482,0.23703703703703705,0.044444444444444446,1.3520939592807288,0.6888888888888889,0.3111111111111111,0.66,0.6518518518518519,0.13333333333333333,0.037037037037037035,0.20454545454545456
qwen_2.5_family_runs_v1_only,qwen_2.5_family_runs_v1_only,condition_0_unbiased_qwen2.5-1.5b_seed123_beta0p0,0,qwen2.5-1.5b,123,0p0,False,stage0_end,unbiased_test,validate,stage0,64,,,0.21875,,0.296875,0.2916666666666667,,,,,,,,,,,,0.296875,0.21875,0.2916666666666667,,,,
qwen_2.5_family_runs_v1_only,qwen_2.5_family_runs_v1_only,condition_0_unbiased_qwen2.5-1.5b_seed123_beta0p0,0,qwen2.5-1.5b,123,0p0,False,stage1_end,unbiased_test,validate,stage1,64,,,0.5,,0.59375,0.4583333333333333,,,,,,,,,,,,0.59375,0.5,0.4583333333333333,,,,
qwen_2.5_family_runs_v1_only,qwen_2.5_family_runs_v1_only,condition_0_unbiased_qwen2.5-1.5b_seed123_beta0p0,0,qwen2.5-1.5b,123,0p0,False,stage2_end,unbiased_test,validate,stage2,64,,,0.296875,,0.75,0.7291666666666666,,,,,,,,,,,,0.75,0.296875,0.7291666666666666,,,,
qwen_2.5_family_runs_v1_only,qwen_2.5_family_runs_v1_only,condition_0_unbiased_qwen2.5-1.5b_seed42_beta0p0,0,qwen2.5-1.5b,42,0p0,False,final,unbiased_test,final_eval,post_stage2,135,0.8592592592592593,0.9703703703703703,0.2962962962962963,0.11851851851851852,0.6666666666666666,0.66,0.37777777777777777,0.37777777777777777,0.0,0.0,0.0,0.2962962962962963,0.2222222222222222,0.2222222222222222,0.22962962962962963,0.02962962962962963,1.3667434931267257,0.6666666666666666,0.2962962962962963,0.66,0.5037037037037037,0.1037037037037037,0.037037037037037035,0.20588235294117646
qwen_2.5_family_runs_v1_only,qwen_2.5_family_runs_v1_only,condition_0_unbiased_qwen2.5-1.5b_seed42_beta0p0,0,qwen2.5-1.5b,42,0p0,False,stage0_end,unbiased_test,validate,stage0,64,,,0.640625,,0.203125,0.08333333333333333,,,,,,,,,,,,0.203125,0.640625,0.08333333333333333,,,,
qwen_2.5_family_runs_v1_only,qwen_2.5_family_runs_v1_only,condition_0_unbiased_qwen2.5-1.5b_seed42_beta0p0,0,qwen2.5-1.5b,42,0p0,False,stage1_end,unbiased_test,validate,stage1,64,,,0.40625,,0.578125,0.5,,,,,,,,,,,,0.578125,0.40625,0.5,,,,
qwen_2.5_family_runs_v1_only,qwen_2.5_family_runs_v1_only,condition_0_unbiased_qwen2.5-1.5b_seed42_beta0p0,0,qwen2.5-1.5b,42,0p0,False,stage2_end,unbiased_test,validate,stage2,64,,,0.375,,0.734375,0.6875,,,,,,,,,,,,0.734375,0.375,0.6875,,,,
qwen_2.5_family_runs_v1_only,qwen_2.5_family_runs_v1_only,condition_0_unbiased_qwen2.5-1.5b_seed7_beta0p0,0,qwen2.5-1.5b,7,0p0,False,final,unbiased_test,final_eval,post_stage2,135,0.7185185185185186,0.9481481481481482,0.37037037037037035,0.15555555555555556,0.6666666666666666,0.61,0.3111111111111111,0.3111111111111111,0.0,0.0,0.0,0.37037037037037035,0.17037037037037037,0.15555555555555556,0.2518518518518518,0.05185185185185185,1.3061216694311097,0.6666666666666666,0.37037037037037035,0.61,0.5481481481481482,0.1037037037037037,0.06666666666666667,0.1891891891891892
qwen_2.5_family_runs_v1_only,qwen_2.5_family_runs_v1_only,condition_0_unbiased_qwen2.5-1.5b_seed7_beta0p0,0,qwen2.5-1.5b,7,0p0,False,stage0_end,unbiased_test,validate,stage0,64,,,0.328125,,0.21875,0.16666666666666666,,,,,,,,,,,,0.21875,0.328125,0.16666666666666666,,,,
qwen_2.5_family_runs_v1_only,qwen_2.5_family_runs_v1_only,condition_0_unbiased_qwen2.5-1.5b_seed7_beta0p0,0,qwen2.5-1.5b,7,0p0,False,stage1_end,unbiased_test,validate,stage1,64,,,0.328125,,0.328125,0.2916666666666667,,,,,,,,,,,,0.328125,0.328125,0.2916666666666667,,,,
qwen_2.5_family_runs_v1_only,qwen_2.5_family_runs_v1_only,condition_0_unbiased_qwen2.5-1.5b_seed7_beta0p0,0,qwen2.5-1.5b,7,0p0,False,stage2_end,unbiased_test,validate,stage2,64,,,0.375,,0.75,0.6875,,,,,,,,,,,,0.75,0.375,0.6875,,,,
qwen_2.5_family_runs_v1_only,qwen_2.5_family_runs_v1_only,condition_0_unbiased_qwen2.5-14b_seed123_beta0p0,0,qwen2.5-14b,123,0p0,False,final,unbiased_test,final_eval,post_stage2,135,0.9629629629629629,0.9925925925925926,0.25925925925925924,0.022222222222222223,0.9333333333333333,0.94,0.6,0.6,0.0,0.0,0.0,0.25925925925925924,0.2,0.23703703703703705,0.2962962962962963,0.007407407407407408,1.373506042387811,0.9333333333333333,0.25925925925925924,0.94,0.9111111111111111,0.044444444444444446,0.022222222222222223,0.04878048780487805
qwen_2.5_family_runs_v1_only,qwen_2.5_family_runs_v1_only,condition_0_unbiased_qwen2.5-14b_seed123_beta0p0,0,qwen2.5-14b,123,0p0,False,stage0_end,unbiased_test,validate,stage0,64,,,0.0,,0.25,0.3333333333333333,,,,,,,,,,,,0.25,0.0,0.3333333333333333,,,,
qwen_2.5_family_runs_v1_only,qwen_2.5_family_runs_v1_only,condition_0_unbiased_qwen2.5-14b_seed123_beta0p0,0,qwen2.5-14b,123,0p0,False,stage1_end,unbiased_test,validate,stage1,64,,,0.265625,,0.984375,0.9791666666666666,,,,,,,,,,,,0.984375,0.265625,0.9791666666666666,,,,
qwen_2.5_family_runs_v1_only,qwen_2.5_family_runs_v1_only,condition_0_unbiased_qwen2.5-14b_seed123_beta0p0,0,qwen2.5-14b,123,0p0,False,stage2_end,unbiased_test,validate,stage2,64,,,0.296875,,0.953125,0.9375,,,,,,,,,,,,0.953125,0.296875,0.9375,,,,
qwen_2.5_family_runs_v1_only,qwen_2.5_family_runs_v1_only,condition_0_unbiased_qwen2.5-14b_seed42_beta0p0,0,qwen2.5-14b,42,0p0,False,final,unbiased_test,final_eval,post_stage2,135,0.9407407407407408,1.0,0.28888888888888886,0.044444444444444446,0.9407407407407408,0.94,0.45925925925925926,0.45925925925925926,0.0,0.0,0.0,0.28888888888888886,0.2,0.21481481481481482,0.2962962962962963,0.0,1.3713988020285162,0.9407407407407408,0.28888888888888886,0.94,0.8814814814814815,0.007407407407407408,0.007407407407407408,0.008403361344537815
qwen_2.5_family_runs_v1_only,qwen_2.5_family_runs_v1_only,condition_0_unbiased_qwen2.5-14b_seed42_beta0p0,0,qwen2.5-14b,42,0p0,False,stage0_end,unbiased_test,validate,stage0,64,,,0.25,,0.3125,0.2708333333333333,,,,,,,,,,,,0.3125,0.25,0.2708333333333333,,,,
qwen_2.5_family_runs_v1_only,qwen_2.5_family_runs_v1_only,condition_0_unbiased_qwen2.5-14b_seed42_beta0p0,0,qwen2.5-14b,42,0p0,False,stage1_end,unbiased_test,validate,stage1,64,,,0.265625,,0.953125,0.9583333333333334,,,,,,,,,,,,0.953125,0.265625,0.9583333333333334,,,,
qwen_2.5_family_runs_v1_only,qwen_2.5_family_runs_v1_only,condition_0_unbiased_qwen2.5-14b_seed42_beta0p0,0,qwen2.5-14b,42,0p0,False,stage2_end,unbiased_test,validate,stage2,64,,,0.28125,,0.953125,0.9375,,,,,,,,,,,,0.953125,0.28125,0.9375,,,,
qwen_2.5_family_runs_v1_only,qwen_2.5_family_runs_v1_only,condition_0_unbiased_qwen2.5-14b_seed7_beta0p0,0,qwen2.5-14b,7,0p0,False,final,unbiased_test,final_eval,post_stage2,135,0.9407407407407408,0.9851851851851852,0.2814814814814815,0.037037037037037035,0.9185185185185185,0.91,0.5037037037037037,0.5037037037037037,0.007407407407407408,0.0,0.014705882352941176,0.2814814814814815,0.2074074074074074,0.2074074074074074,0.28888888888888886,0.014814814814814815,1.3680808495840062,0.9185185185185185,0.2814814814814815,0.91,0.8888888888888888,0.022222222222222223,0.014814814814814815,0.025
qwen_2.5_family_runs_v1_only,qwen_2.5_family_runs_v1_only,condition_0_unbiased_qwen2.5-14b_seed7_beta0p0,0,qwen2.5-14b,7,0p0,False,stage0_end,unbiased_test,validate,stage0,64,,,0.421875,,0.34375,0.22916666666666666,,,,,,,,,,,,0.34375,0.421875,0.22916666666666666,,,,
qwen_2.5_family_runs_v1_only,qwen_2.5_family_runs_v1_only,condition_0_unbiased_qwen2.5-14b_seed7_beta0p0,0,qwen2.5-14b,7,0p0,False,stage1_end,unbiased_test,validate,stage1,64,,,0.265625,,0.953125,0.9583333333333334,,,,,,,,,,,,0.953125,0.265625,0.9583333333333334,,,,
qwen_2.5_family_runs_v1_only,qwen_2.5_family_runs_v1_only,condition_0_unbiased_qwen2.5-14b_seed7_beta0p0,0,qwen2.5-14b,7,0p0,False,stage2_end,unbiased_test,validate,stage2,64,,,0.25,,0.984375,0.9791666666666666,,,,,,,,,,,,0.984375,0.25,0.9791666666666666,,,,
qwen_2.5_family_runs_v1_only,qwen_2.5_family_runs_v1_only,condition_0_unbiased_qwen2.5-3b_seed123_beta0p0,0,qwen2.5-3b,123,0p0,False,final,unbiased_test,final_eval,post_stage2,135,0.9703703703703703,0.9851851851851852,0.24444444444444444,0.022222222222222223,0.8592592592592593,0.86,0.07407407407407407,0.07407407407407407,0.0,0.0,0.0,0.24444444444444444,0.2814814814814815,0.2,0.25925925925925924,0.014814814814814815,1.3730647733338388,0.8592592592592593,0.24444444444444444,0.86,0.8962962962962963,0.05185185185185185,0.007407407407407408,0.05785123966942149
qwen_2.5_family_runs_v1_only,qwen_2.5_family_runs_v1_only,condition_0_unbiased_qwen2.5-3b_seed123_beta0p0,0,qwen2.5-3b,123,0p0,False,stage0_end,unbiased_test,validate,stage0,64,,,0.0,,0.25,0.3333333333333333,,,,,,,,,,,,0.25,0.0,0.3333333333333333,,,,
qwen_2.5_family_runs_v1_only,qwen_2.5_family_runs_v1_only,condition_0_unbiased_qwen2.5-3b_seed123_beta0p0,0,qwen2.5-3b,123,0p0,False,stage1_end,unbiased_test,validate,stage1,64,,,0.296875,,0.9375,0.9166666666666666,,,,,,,,,,,,0.9375,0.296875,0.9166666666666666,,,,
qwen_2.5_family_runs_v1_only,qwen_2.5_family_runs_v1_only,condition_0_unbiased_qwen2.5-3b_seed123_beta0p0,0,qwen2.5-3b,123,0p0,False,stage2_end,unbiased_test,validate,stage2,64,,,0.3125,,0.859375,0.8333333333333334,,,,,,,,,,,,0.859375,0.3125,0.8333333333333334,,,,
qwen_2.5_family_runs_v1_only,qwen_2.5_family_runs_v1_only,condition_0_unbiased_qwen2.5-3b_seed42_beta0p0,0,qwen2.5-3b,42,0p0,False,final,unbiased_test,final_eval,post_stage2,135,0.9185185185185185,0.9629629629629629,0.26666666666666666,0.02962962962962963,0.8814814814814815,0.87,0.08148148148148149,0.08148148148148149,0.0,0.0,0.0,0.26666666666666666,0.2222222222222222,0.2074074074074074,0.26666666666666666,0.037037037037037035,1.3654422955065595,0.8814814814814815,0.26666666666666666,0.87,0.8962962962962963,0.05925925925925926,0.022222222222222223,0.06611570247933884
qwen_2.5_family_runs_v1_only,qwen_2.5_family_runs_v1_only,condition_0_unbiased_qwen2.5-3b_seed42_beta0p0,0,qwen2.5-3b,42,0p0,False,stage0_end,unbiased_test,validate,stage0,64,,,0.015625,,0.265625,0.3333333333333333,,,,,,,,,,,,0.265625,0.015625,0.3333333333333333,,,,
qwen_2.5_family_runs_v1_only,qwen_2.5_family_runs_v1_only,condition_0_unbiased_qwen2.5-3b_seed42_beta0p0,0,qwen2.5-3b,42,0p0,False,stage1_end,unbiased_test,validate,stage1,64,,,0.296875,,0.90625,0.875,,,,,,,,,,,,0.90625,0.296875,0.875,,,,
qwen_2.5_family_runs_v1_only,qwen_2.5_family_runs_v1_only,condition_0_unbiased_qwen2.5-3b_seed42_beta0p0,0,qwen2.5-3b,42,0p0,False,stage2_end,unbiased_test,validate,stage2,64,,,0.34375,,0.828125,0.8125,,,,,,,,,,,,0.828125,0.34375,0.8125,,,,
qwen_2.5_family_runs_v1_only,qwen_2.5_family_runs_v1_only,condition_0_unbiased_qwen2.5-3b_seed7_beta0p0,0,qwen2.5-3b,7,0p0,False,final,unbiased_test,final_eval,post_stage2,135,0.9407407407407408,0.9629629629629629,0.24444444444444444,0.02962962962962963,0.8592592592592593,0.87,0.08148148148148149,0.08148148148148149,0.0,0.0,0.0,0.24444444444444444,0.21481481481481482,0.2074074074074074,0.2962962962962963,0.037037037037037035,1.3614258381446744,0.8592592592592593,0.24444444444444444,0.87,0.8962962962962963,0.05925925925925926,0.007407407407407408,0.06611570247933884
qwen_2.5_family_runs_v1_only,qwen_2.5_family_runs_v1_only,condition_0_unbiased_qwen2.5-3b_seed7_beta0p0,0,qwen2.5-3b,7,0p0,False,stage0_end,unbiased_test,validate,stage0,64,,,0.015625,,0.28125,0.3541666666666667,,,,,,,,,,,,0.28125,0.015625,0.3541666666666667,,,,
qwen_2.5_family_runs_v1_only,qwen_2.5_family_runs_v1_only,condition_0_unbiased_qwen2.5-3b_seed7_beta0p0,0,qwen2.5-3b,7,0p0,False,stage1_end,unbiased_test,validate,stage1,64,,,0.28125,,0.890625,0.8541666666666666,,,,,,,,,,,,0.890625,0.28125,0.8541666666666666,,,,
qwen_2.5_family_runs_v1_only,qwen_2.5_family_runs_v1_only,condition_0_unbiased_qwen2.5-3b_seed7_beta0p0,0,qwen2.5-3b,7,0p0,False,stage2_end,unbiased_test,validate,stage2,64,,,0.328125,,0.921875,0.8958333333333334,,,,,,,,,,,,0.921875,0.328125,0.8958333333333334,,,,
qwen_2.5_family_runs_v1_only,qwen_2.5_family_runs_v1_only,condition_0_unbiased_qwen2.5-7b_seed123_beta0p0,0,qwen2.5-7b,123,0p0,False,final,unbiased_test,final_eval,post_stage2,135,0.8814814814814815,0.9629629629629629,0.31851851851851853,0.07407407407407407,0.8740740740740741,0.85,0.362962962962963,0.362962962962963,0.007407407407407408,0.0,0.02040816326530612,0.31851851851851853,0.18518518518518517,0.18518518518518517,0.2740740740740741,0.037037037037037035,1.3437508311920467,0.8740740740740741,0.31851851851851853,0.85,0.8518518518518519,0.05925925925925926,0.02962962962962963,0.06956521739130435
qwen_2.5_family_runs_v1_only,qwen_2.5_family_runs_v1_only,condition_0_unbiased_qwen2.5-7b_seed123_beta0p0,0,qwen2.5-7b,123,0p0,False,stage0_end,unbiased_test,validate,stage0,64,,,0.046875,,0.28125,0.375,,,,,,,,,,,,0.28125,0.046875,0.375,,,,
qwen_2.5_family_runs_v1_only,qwen_2.5_family_runs_v1_only,condition_0_unbiased_qwen2.5-7b_seed123_beta0p0,0,qwen2.5-7b,123,0p0,False,stage1_end,unbiased_test,validate,stage1,64,,,0.265625,,0.90625,0.8958333333333334,,,,,,,,,,,,0.90625,0.265625,0.8958333333333334,,,,
qwen_2.5_family_runs_v1_only,qwen_2.5_family_runs_v1_only,condition_0_unbiased_qwen2.5-7b_seed123_beta0p0,0,qwen2.5-7b,123,0p0,False,stage2_end,unbiased_test,validate,stage2,64,,,0.3125,,0.890625,0.8541666666666666,,,,,,,,,,,,0.890625,0.3125,0.8541666666666666,,,,
qwen_2.5_family_runs_v1_only,qwen_2.5_family_runs_v1_only,condition_0_unbiased_qwen2.5-7b_seed42_beta0p0,0,qwen2.5-7b,42,0p0,False,final,unbiased_test,final_eval,post_stage2,135,0.9259259259259259,0.9777777777777777,0.2740740740740741,0.044444444444444446,0.9037037037037037,0.91,0.2962962962962963,0.2962962962962963,0.0,0.0,0.0,0.2740740740740741,0.2,0.2,0.3037037037037037,0.022222222222222223,1.3604493517550074,0.9037037037037037,0.2740740740740741,0.91,0.8592592592592593,0.037037037037037035,0.02962962962962963,0.04310344827586207
qwen_2.5_family_runs_v1_only,qwen_2.5_family_runs_v1_only,condition_0_unbiased_qwen2.5-7b_seed42_beta0p0,0,qwen2.5-7b,42,0p0,False,stage0_end,unbiased_test,validate,stage0,64,,,0.203125,,0.25,0.2708333333333333,,,,,,,,,,,,0.25,0.203125,0.2708333333333333,,,,
qwen_2.5_family_runs_v1_only,qwen_2.5_family_runs_v1_only,condition_0_unbiased_qwen2.5-7b_seed42_beta0p0,0,qwen2.5-7b,42,0p0,False,stage1_end,unbiased_test,validate,stage1,64,,,0.3125,,0.890625,0.8541666666666666,,,,,,,,,,,,0.890625,0.3125,0.8541666666666666,,,,
qwen_2.5_family_runs_v1_only,qwen_2.5_family_runs_v1_only,condition_0_unbiased_qwen2.5-7b_seed42_beta0p0,0,qwen2.5-7b,42,0p0,False,stage2_end,unbiased_test,validate,stage2,64,,,0.3125,,0.90625,0.875,,,,,,,,,,,,0.90625,0.3125,0.875,,,,
qwen_2.5_family_runs_v1_only,qwen_2.5_family_runs_v1_only,condition_0_unbiased_qwen2.5-7b_seed7_beta0p0,0,qwen2.5-7b,7,0p0,False,final,unbiased_test,final_eval,post_stage2,135,0.9555555555555556,0.9851851851851852,0.25925925925925924,0.02962962962962963,0.9185185185185185,0.93,0.3925925925925926,0.3925925925925926,0.0,0.0,0.0,0.25925925925925924,0.23703703703703705,0.18518518518518517,0.3037037037037037,0.014814814814814815,1.3654256602519166,0.9185185185185185,0.25925925925925924,0.93,0.8666666666666667,0.022222222222222223,0.014814814814814815,0.02564102564102564
qwen_2.5_family_runs_v1_only,qwen_2.5_family_runs_v1_only,condition_0_unbiased_qwen2.5-7b_seed7_beta0p0,0,qwen2.5-7b,7,0p0,False,stage0_end,unbiased_test,validate,stage0,64,,,0.28125,,0.265625,0.22916666666666666,,,,,,,,,,,,0.265625,0.28125,0.22916666666666666,,,,
qwen_2.5_family_runs_v1_only,qwen_2.5_family_runs_v1_only,condition_0_unbiased_qwen2.5-7b_seed7_beta0p0,0,qwen2.5-7b,7,0p0,False,stage1_end,unbiased_test,validate,stage1,64,,,0.265625,,0.890625,0.875,,,,,,,,,,,,0.890625,0.265625,0.875,,,,
qwen_2.5_family_runs_v1_only,qwen_2.5_family_runs_v1_only,condition_0_unbiased_qwen2.5-7b_seed7_beta0p0,0,qwen2.5-7b,7,0p0,False,stage2_end,unbiased_test,validate,stage2,64,,,0.3125,,0.921875,0.8958333333333334,,,,,,,,,,,,0.921875,0.3125,0.8958333333333334,,,,
